{"stats":{"minecraft:killed":{"minecraft:witch":1,"minecraft:spider":2,"dungeonsmod:anthermite":13,"minecraft:skeleton":2,"minecraft:chicken":4,"minecraft:silverfish":1,"piratesandlootersreborn:capitan":1,"alexsmobs:kangaroo":3,"minecraft:zombie_villager":2,"atum:sergeant":11,"mowziesmobs:barakoan_player":1,"minecraft:sheep":3,"minecraft:trader_llama":1,"minecraft:pillager":6,"minecraft:zombie":2,"atum:mummy":2,"minecraft:cow":4,"piratesandlootersreborn:rozbitek":1,"atum:forsaken":12,"mowziesmobs:barakoa_sunblocker":4,"mowziesmobs:ferrous_wroughtnaut":1,"atum:wraith":2,"mowziesmobs:barakoaya":9,"atum:barbarian":3,"atum:brigand":6,"minecraft:bat":1,"lava_monster:lava_monster":1,"slimier-slimes:rock_slime":1,"atum:nomad":4},"minecraft:broken":{"supertools:hammerstone":1,"spartanshields:shield_basic_iron":1},"minecraft:killed_by":{"alexsmobs:elephant":2,"minecraft:player":1,"piratesandlootersreborn:capitan":2,"mowziesmobs:ferrous_wroughtnaut":3},"minecraft:used":{"minecraft:spruce_slab":42,"minecraft:chest":12,"minecraft:iron_sword":157,"caves_and_cliffs_mod:cobbled_deepslate":11,"minecraft:acacia_sapling":4,"minecraft:spruce_boat":2,"minecraft:furnace":3,"minecraft:oak_sapling":1,"minecraft:cooked_cod":8,"spartanweaponry:flanged_mace_iron":10,"minecraft:diorite":14,"minecraft:damaged_anvil":1,"minecraft:stone_pickaxe":210,"minecraft:oak_planks":7,"atum:limestone_brick_cracked_brick":3,"minecraft:wooden_pickaxe":16,"minecraft:sandstone":18,"minecraft:sand":1,"minecraft:acacia_door":4,"minecraft:bread":66,"minecraft:andesite":28,"minecraft:oak_boat":3,"minecraft:bone_meal":9,"minecraft:experience_bottle":4,"supertools:hammerstone":112,"minecraft:stone_shovel":47,"caves_and_cliffs_mod:tuff":15,"minecraft:spruce_planks":7,"minecraft:cooked_salmon":15,"minecraft:stone_hoe":30,"minecraft:torch":21,"minecraft:dirt":23,"spartanweaponry:hammer_iron":1,"alexsmobs:cooked_kangaroo_meat":8,"cgm:rifle":151,"minecraft:iron_axe":106,"piratesandlootersreborn:coconut":1,"minecraft:acacia_planks":3,"minecraft:wheat_seeds":104,"minecraft:cooked_mutton":3,"minecraft:water_bucket":21,"minecraft:iron_ore":24,"minecraft:salmon":3,"minecraft:oak_slab":1,"minecraft:crafting_table":11,"minecraft:red_bed":6,"mowziesmobs:wrought_axe":85,"minecraft:spruce_trapdoor":13,"spartanshields:shield_basic_iron":59,"minecraft:stone_axe":155,"minecraft:cobblestone":583,"minecraft:cooked_porkchop":1,"minecraft:bucket":20},"minecraft:mined":{"minecraft:dark_oak_planks":1,"minecraft:spruce_planks":6,"minecraft:black_terracotta":2,"atum:limestone_brick_cracked_brick":2,"atum:cracked_brick_wall":2,"minecraft:spruce_trapdoor":12,"minecraft:granite":9,"minecraft:acacia_log":26,"minecraft:grass_block":66,"caves_and_cliffs_mod:deepslate":11,"minecraft:spawner":8,"caves_and_cliffs_mod:cobbled_deepslate":6,"minecraft:iron_ore":24,"minecraft:dark_oak_stairs":1,"caves_and_cliffs_mod:drip_caves_stone":34,"minecraft:spruce_slab":4,"minecraft:red_bed":7,"minecraft:kelp_plant":1,"minecraft:chest":3,"minecraft:cobblestone":52,"minecraft:sugar_cane":2,"minecraft:damaged_anvil":1,"minecraft:wall_torch":1,"atum:limestone_brick_small":1,"minecraft:acacia_sapling":2,"minecraft:dark_oak_slab":1,"minecraft:wheat":432,"minecraft:grass":572,"minecraft:oak_log":14,"minecraft:sand":2,"minecraft:dirt":34,"minecraft:oak_leaves":8,"minecraft:mossy_cobblestone":2,"slimier-slimes:green_slimy_stone":3,"gravestone:gravestone":9,"minecraft:ladder":2,"minecraft:spruce_leaves":191,"minecraft:kelp":1,"minecraft:sandstone":39,"minecraft:furnace":3,"minecraft:andesite":37,"treechop:chopped_log":29,"minecraft:stone":900,"minecraft:oak_slab":1,"minecraft:acacia_leaves":223,"atum:large_wall":2,"minecraft:crafting_table":4,"minecraft:tall_grass":26,"minecraft:diorite":22,"caves_and_cliffs_mod:tuff":18,"minecraft:spruce_log":29,"minecraft:birch_leaves":1,"atum:sand_layer":1,"minecraft:coal_ore":32,"caves_and_cliffs_mod:pointeddripstoneupfrustum":1,"minecraft:acacia_door":1,"minecraft:acacia_planks":3,"minecraft:stone_bricks":1},"minecraft:picked_up":{"minecraft:iron_chestplate":2,"minecraft:wheat":401,"cgm:basic_bullet":150,"minecraft:string":2,"minecraft:cooked_salmon":9,"piratesandlootersreborn:coconut":5,"minecraft:iron_leggings":3,"caves_and_cliffs_mod:raw_iron":65,"minecraft:experience_bottle":4,"minecraft:gold_nugget":1,"minecraft:spruce_planks":37,"cgm:advanced_bullet":197,"atum:coin_dirty":1,"minecraft:furnace":3,"minecraft:iron_boots":3,"minecraft:stick":16,"minecraft:torch":4,"minecraft:acacia_log":26,"minecraft:spruce_stairs":1,"minecraft:diorite":48,"atum:relic_diamond_brooch":2,"minecraft:stone_sword":1,"minecraft:rotten_flesh":4,"atum:dusty_bone":3,"minecraft:cobblestone":1481,"atum:scarab":1,"minecraft:nautilus_shell":1,"minecraft:feather":6,"minecraft:andesite":120,"mowziesmobs:barakoa_mask_fury":2,"paraglider:spirit_orb":18,"alexsmobs:cooked_kangaroo_meat":9,"minecraft:dirt":162,"minecraft:bone":3,"minecraft:acacia_planks":3,"minecraft:wheat_seeds":1197,"caves_and_cliffs_mod:cobbled_deepslate":19,"slimier-slimes:blue_jelly":2,"atum:relic_silver_necklace":4,"minecraft:oak_planks":3,"minecraft:black_terracotta":3,"cgm:rifle":3,"minecraft:sand":2,"caves_and_cliffs_mod:raw_copper":2,"atum:relic_sapphire_brooch":3,"alexsmobs:animal_dictionary":2,"minecraft:barrel":1,"minecraft:mossy_cobblestone":5,"alexsmobs:kangaroo_hide":4,"minecraft:spruce_boat":1,"minecraft:crossbow":2,"minecraft:granite":28,"minecraft:bread":84,"minecraft:oak_sapling":1,"minecraft:crafting_table":4,"supertools:hammerstone":3,"minecraft:chicken":4,"minecraft:ladder":4,"atum:limestone_brick_large":1,"usefulbackpacks:backpack_medium":2,"gravestone:obituary":9,"atum:limestone_brick_small":2,"minecraft:red_bed":8,"minecraft:iron_axe":2,"minecraft:acacia_door":1,"usefulbackpacks:backpack_small":2,"minecraft:beef":10,"minecraft:oak_boat":2,"minecraft:spruce_slab":4,"minecraft:chest":3,"minecraft:sugar_cane":3,"minecraft:spruce_trapdoor":12,"caves_and_cliffs_mod:drip_caves_stone":37,"minecraft:sandstone":43,"spartanshields:shield_basic_iron":3,"caves_and_cliffs_mod:pointeddripstone":3,"atum:ectoplasm":5,"minecraft:dark_oak_planks":1,"spartanweaponry:hammer_iron":2,"minecraft:arrow":4,"minecraft:cooked_cod":10,"minecraft:stone_shovel":1,"minecraft:mutton":8,"alexsmobs:kangaroo_meat":7,"minecraft:white_wool":2,"minecraft:leather":4,"alexsmobs:acacia_blossom":2,"minecraft:oak_log":14,"atum:relic_gold_ring":2,"mowziesmobs:wrought_axe":2,"mowziesmobs:barakoa_mask_rage":1,"minecraft:stone_bricks":6,"atum:relic_sapphire_ring":1,"minecraft:kelp":1,"atum:limestone_brick_cracked_brick":6,"atum:coin_gold":14,"minecraft:stone_pickaxe":3,"minecraft:iron_ore":38,"slimier-slimes:purple_jelly":10,"minecraft:iron_sword":5,"minecraft:acacia_sapling":12,"minecraft:dark_oak_stairs":3,"minecraft:oak_slab":1,"atum:deadwood_stick":4,"minecraft:dark_oak_slab":2,"atum:large_stairs":2,"mowziesmobs:barakoa_mask_bliss":2,"atum:relic_silver_ring":1,"mowziesmobs:wrought_helmet":2,"minecraft:spruce_sapling":14,"minecraft:spruce_log":27,"slimier-slimes:green_jelly":4,"caves_and_cliffs_mod:tuff":19,"minecraft:stone_axe":1,"spartanweaponry:flanged_mace_iron":1,"minecraft:iron_helmet":2,"minecraft:damaged_anvil":1,"minecraft:black_wool":1,"minecraft:coal":110},"minecraft:custom":{"minecraft:interact_with_crafting_table":61,"minecraft:open_barrel":3,"minecraft:leave_game":4,"minecraft:time_since_death":42756,"minecraft:sprint_one_cm":1190668,"minecraft:damage_blocked_by_shield":1955,"minecraft:drop":264,"minecraft:talked_to_villager":1,"minecraft:deaths":10,"minecraft:jump":5570,"minecraft:walk_on_water_one_cm":74769,"minecraft:interact_with_furnace":62,"minecraft:interact_with_cartography_table":7,"minecraft:play_one_minute":404601,"minecraft:sleep_in_bed":6,"minecraft:damage_dealt":12346,"minecraft:player_kills":1,"minecraft:crouch_one_cm":38733,"minecraft:mob_kills":111,"minecraft:interact_with_anvil":7,"minecraft:climb_one_cm":1446,"minecraft:walk_one_cm":983694,"minecraft:sneak_time":12804,"minecraft:walk_under_water_one_cm":28520,"minecraft:boat_one_cm":637362,"minecraft:time_since_rest":24477,"minecraft:damage_taken":7745,"minecraft:swim_one_cm":105982,"minecraft:fly_one_cm":807073,"minecraft:open_chest":285,"minecraft:fall_one_cm":116136},"minecraft:crafted":{"minecraft:oak_planks":44,"minecraft:cooked_mutton":9,"minecraft:iron_boots":2,"minecraft:chest":10,"minecraft:stone_hoe":1,"minecraft:crafting_table":8,"spartanweaponry:hammer_iron":1,"minecraft:spruce_planks":104,"minecraft:acacia_slab":18,"minecraft:wooden_pickaxe":1,"minecraft:iron_helmet":2,"minecraft:spruce_trapdoor":8,"minecraft:iron_chestplate":2,"minecraft:stick":32,"minecraft:iron_ingot":63,"minecraft:acacia_door":3,"spartanweaponry:flanged_mace_iron":1,"minecraft:stone_shovel":1,"supertools:hammerstone":1,"minecraft:bone_meal":9,"minecraft:iron_axe":1,"minecraft:spruce_slab":42,"minecraft:stone_pickaxe":14,"minecraft:spruce_boat":1,"alexsmobs:cooked_kangaroo_meat":1,"spartanweaponry:handle":8,"minecraft:cooked_salmon":6,"minecraft:stone_axe":2,"minecraft:air":0,"minecraft:bread":126,"minecraft:oak_boat":2,"minecraft:iron_leggings":2,"minecraft:acacia_planks":136,"minecraft:torch":8},"minecraft:dropped":{"atum:relic_dirty_brooch":1,"minecraft:iron_sword":4,"minecraft:lapis_lazuli":4,"minecraft:cooked_beef":5,"slimier-slimes:blue_jelly":2,"minecraft:diamond":1,"minecraft:crafting_table":1,"minecraft:leather":5,"mowziesmobs:barako_mask":1,"caves_and_cliffs_mod:cobbled_deepslate":20,"minecraft:birch_slab":2,"paraglider:spirit_orb":2,"minecraft:emerald":2,"minecraft:dirt":73,"mowziesmobs:barakoa_mask_rage":2,"minecraft:mutton":4,"atum:desert_legs_iron":1,"minecraft:cooked_cod":2,"slimier-slimes:green_jelly":5,"usefulbackpacks:backpack_small":2,"gravestone:obituary":14,"atum:coin_dirty":10,"piratesandlootersreborn:coconut":10,"atum:coin_gold":2,"minecraft:stone_axe":1,"minecraft:sugar_cane":3,"atum:desert_chest_iron":1,"atum:relic_sapphire_brooch":1,"alexsmobs:animal_dictionary":3,"minecraft:rotten_flesh":16,"minecraft:oak_planks":7,"mowziesmobs:barakoa_mask_bliss":2,"minecraft:cooked_mutton":6,"cgm:assault_rifle":1,"cgm:basic_bullet":150,"atum:scarab":1,"minecraft:acacia_sapling":1,"atum:relic_silver_necklace":2,"caves_and_cliffs_mod:raw_iron":47,"minecraft:beef":10,"caves_and_cliffs_mod:tuff":11,"minecraft:iron_ingot":53,"minecraft:bread":123,"usefulbackpacks:backpack_medium":1,"minecraft:wheat_seeds":945,"minecraft:iron_helmet":1,"minecraft:cobblestone":324,"spartanweaponry:hammer_iron":2,"caves_and_cliffs_mod:pointeddripstone":10,"minecraft:granite":52,"minecraft:tropical_fish":3,"atum:relic_diamond_brooch":2,"minecraft:golden_apple":2,"mowziesmobs:wrought_axe":1,"minecraft:coal":57,"minecraft:stick":4,"mowziesmobs:barakoa_mask_faith":1,"minecraft:jungle_slab":1,"minecraft:diorite":20,"minecraft:torch":3,"minecraft:iron_leggings":3,"mowziesmobs:wrought_helmet":1,"minecraft:smooth_stone":1,"minecraft:acacia_planks":15,"minecraft:spruce_sapling":23,"minecraft:kelp":1,"supertools:hammerstone":2,"minecraft:cocoa_beans":4,"spartanshields:shield_basic_iron":1,"minecraft:stone_shovel":1,"spartanweaponry:flanged_mace_iron":1,"minecraft:chicken":4,"caves_and_cliffs_mod:drip_caves_stone":14,"mowziesmobs:barakoa_mask_fear":1,"minecraft:iron_boots":4,"atum:relic_sapphire_ring":2,"alexsmobs:cooked_kangaroo_meat":5,"atum:relic_silver_ring":1,"mowziesmobs:barakoa_mask_fury":2,"minecraft:spruce_planks":59,"minecraft:iron_chestplate":2,"minecraft:andesite":37,"minecraft:sandstone":3,"minecraft:stone_pickaxe":6,"minecraft:wooden_pickaxe":2,"minecraft:nautilus_shell":1,"slimier-slimes:purple_jelly":7}},"DataVersion":2586}