{"stats":{"minecraft:broken":{"supertools:hammerstone":1,"spartanshields:shield_basic_iron":1},"minecraft:killed_by":{"atum:assassin":1,"alexsmobs:elephant":2,"minecraft:vindicator":1,"minecraft:player":2,"minecraft:enderman":1,"atum:sergeant":1,"minecraft:ender_dragon":2,"piratesandlootersreborn:capitan":2,"mowziesmobs:ferrous_wroughtnaut":3},"minecraft:dropped":{"atum:relic_dirty_brooch":1,"minecraft:iron_sword":4,"slimier-slimes:lime_slime_ball":12,"minecraft:lapis_lazuli":36,"slimier-slimes:blue_jelly":2,"minecraft:cooked_beef":5,"minecraft:diamond":10,"minecraft:crafting_table":2,"minecraft:leather":10,"mowziesmobs:barako_mask":1,"minecraft:cracked_stone_bricks":2,"caves_and_cliffs_mod:cobbled_deepslate":39,"simpleplanes:plane":2,"minecraft:birch_slab":2,"paraglider:spirit_orb":2,"minecraft:emerald":4,"minecraft:dirt":162,"minecraft:red_bed":1,"mowziesmobs:barakoa_mask_rage":2,"minecraft:mutton":4,"minecraft:dark_oak_wood":1,"atum:desert_legs_iron":1,"minecraft:cooked_cod":2,"slimier-slimes:green_jelly":5,"usefulbackpacks:backpack_small":2,"gravestone:obituary":32,"alexsmobs:emu_feather":1,"atum:coin_dirty":12,"piratesandlootersreborn:coconut":14,"minecraft:acacia_door":9,"minecraft:gold_ingot":50,"atum:coin_gold":4,"minecraft:bone":20,"minecraft:stone_axe":2,"minecraft:sugar_cane":3,"alexsmobs:gazelle_horn":8,"atum:desert_chest_iron":1,"minecraft:iron_nugget":2,"spartanweaponry:warhammer_iron":1,"atum:relic_sapphire_brooch":2,"alexsmobs:animal_dictionary":3,"minecraft:wheat":3,"minecraft:obsidian":1,"minecraft:rotten_flesh":26,"minecraft:oak_planks":30,"mowziesmobs:barakoa_mask_bliss":2,"minecraft:cooked_mutton":6,"alexsmobs:emu_egg":3,"cgm:assault_rifle":1,"minecraft:gunpowder":42,"cgm:basic_bullet":150,"minecraft:charcoal":2,"atum:scarab":2,"minecraft:spruce_wood":18,"minecraft:acacia_sapling":1,"atum:relic_silver_necklace":2,"minecraft:arrow":48,"minecraft:iron_bars":2,"caves_and_cliffs_mod:raw_iron":48,"minecraft:beef":10,"caves_and_cliffs_mod:tuff":29,"minecraft:enchanted_book":1,"minecraft:water_bucket":1,"minecraft:iron_ingot":55,"minecraft:bread":231,"piratesandlootersreborn:big_bottle":3,"usefulbackpacks:backpack_medium":3,"minecraft:oak_slab":5,"minecraft:wheat_seeds":949,"minecraft:tnt":4,"inventorypets:pet_sheep":2,"minecraft:cobblestone":325,"minecraft:iron_helmet":7,"minecraft:feather":7,"inventorypets:nugget_obsidian":3,"spartanweaponry:hammer_iron":2,"caves_and_cliffs_mod:pointeddripstone":10,"minecraft:granite":54,"minecraft:tropical_fish":4,"atum:relic_diamond_brooch":2,"minecraft:spruce_stairs":1,"minecraft:acacia_log":2,"minecraft:coal":60,"mowziesmobs:wrought_axe":3,"minecraft:golden_apple":2,"minecraft:coal_block":8,"minecraft:stick":8,"mowziesmobs:barakoa_mask_faith":1,"atum:desert_boots_iron":1,"simpleplanes:large_plane":2,"minecraft:jungle_slab":1,"minecraft:diorite":20,"minecraft:torch":13,"minecraft:potion":2,"minecraft:iron_leggings":6,"mowziesmobs:wrought_helmet":1,"caves_and_cliffs_mod:deepslate_iron_ore":5,"minecraft:iron_axe":2,"minecraft:smooth_stone":1,"minecraft:string":3,"minecraft:tripwire_hook":1,"minecraft:acacia_planks":15,"minecraft:spruce_sapling":23,"minecraft:redstone":36,"atum:dusty_bone":1,"spartanweaponry:cestus":1,"minecraft:kelp":8,"supertools:hammerstone":3,"minecraft:oak_trapdoor":12,"alexsmobs:acacia_blossom":6,"minecraft:cocoa_beans":4,"spartanshields:shield_basic_iron":2,"spartanweaponry:boomerang_wood":2,"minecraft:stone_shovel":2,"spartanweaponry:flanged_mace_iron":1,"minecraft:chicken":4,"caves_and_cliffs_mod:drip_caves_stone":14,"mowziesmobs:barakoa_mask_fear":1,"minecraft:iron_boots":6,"minecraft:smoker":1,"minecraft:name_tag":1,"atum:relic_sapphire_ring":2,"minecraft:oak_sign":1,"alexsmobs:cooked_kangaroo_meat":5,"minecraft:flint_and_steel":1,"minecraft:filled_map":1,"atum:relic_silver_ring":1,"minecraft:hay_block":13,"mowziesmobs:barakoa_mask_fury":2,"alexsmobs:cockroach_wing_fragment":2,"minecraft:spruce_planks":60,"minecraft:iron_chestplate":5,"minecraft:diamond_pickaxe":2,"minecraft:andesite":39,"minecraft:mossy_stone_bricks":4,"minecraft:oak_sapling":4,"minecraft:redstone_torch":1,"minecraft:barrel":1,"minecraft:stone_bricks":10,"minecraft:slime_ball":6,"minecraft:sandstone":3,"minecraft:stone_pickaxe":8,"minecraft:wooden_pickaxe":2,"minecraft:nautilus_shell":1,"atum:relic_dirty_necklace":1,"spartanshields:shield_tower_stone":2,"slimier-slimes:purple_jelly":7},"minecraft:custom":{"minecraft:interact_with_crafting_table":117,"minecraft:open_barrel":53,"minecraft:leave_game":22,"minecraft:time_since_death":18038,"minecraft:sprint_one_cm":3213544,"minecraft:damage_blocked_by_shield":3275,"minecraft:drop":610,"minecraft:talked_to_villager":1,"minecraft:deaths":18,"minecraft:jump":12248,"minecraft:walk_on_water_one_cm":202251,"minecraft:enchant_item":4,"minecraft:interact_with_furnace":96,"minecraft:interact_with_cartography_table":7,"minecraft:play_one_minute":990434,"minecraft:sleep_in_bed":12,"minecraft:damage_dealt":40292,"minecraft:player_kills":8,"minecraft:crouch_one_cm":136009,"minecraft:interact_with_anvil":34,"minecraft:mob_kills":364,"minecraft:climb_one_cm":2345,"minecraft:walk_one_cm":2199583,"minecraft:sneak_time":42504,"minecraft:walk_under_water_one_cm":88737,"minecraft:boat_one_cm":1064568,"minecraft:time_since_rest":18066,"minecraft:damage_taken":17698,"minecraft:swim_one_cm":424435,"minecraft:fly_one_cm":2951659,"minecraft:open_chest":730,"minecraft:fall_one_cm":238231},"minecraft:picked_up":{"minecraft:iron_chestplate":5,"minecraft:wheat":477,"cgm:basic_bullet":150,"minecraft:enchanted_book":1,"minecraft:potion":4,"inventorypets:nugget_lapis":4,"minecraft:music_disc_cat":1,"alexsmobs:gazelle_horn":4,"minecraft:string":5,"minecraft:cooked_salmon":9,"piratesandlootersreborn:coconut":7,"minecraft:iron_leggings":6,"caves_and_cliffs_mod:raw_iron":66,"minecraft:experience_bottle":4,"minecraft:oak_sign":1,"alexsmobs:emu_feather":1,"minecraft:gold_nugget":18,"minecraft:spruce_planks":40,"minecraft:redstone_torch":1,"atum:sand":32,"minecraft:ender_eye":103,"minecraft:iron_pickaxe":2,"caves_and_cliffs_mod:deepslate_gold_ore":7,"minecraft:coal_block":8,"cgm:advanced_bullet":485,"atum:coin_dirty":10,"minecraft:iron_boots":4,"minecraft:furnace":3,"minecraft:stick":64,"atum:iron_scimitar":4,"minecraft:torch":9,"minecraft:acacia_log":133,"minecraft:spruce_stairs":40,"minecraft:diorite":54,"atum:relic_diamond_brooch":2,"spartanshields:shield_tower_stone":1,"atum:fertile_soil_pile":1,"minecraft:stone_sword":1,"minecraft:rotten_flesh":16,"supertools:shovelstone":1,"alexsmobs:emu_egg":2,"slimier-slimes:light_blue_jelly":4,"atum:dusty_bone":11,"minecraft:blaze_rod":64,"minecraft:obsidian":11,"inventorypets:pet_sheep":4,"minecraft:cobblestone":2342,"atum:scarab":1,"minecraft:nautilus_shell":2,"minecraft:enchanting_table":1,"inventorypets:pet_creeper":1,"minecraft:feather":18,"minecraft:iron_door":7,"minecraft:andesite":220,"mowziesmobs:barakoa_mask_fury":2,"caves_and_cliffs_mod:azalea_leaves":7,"paraglider:spirit_orb":44,"alexsmobs:cooked_kangaroo_meat":9,"minecraft:acacia_boat":1,"minecraft:dirt":524,"minecraft:light_gray_concrete_powder":4,"minecraft:name_tag":4,"minecraft:bone":43,"minecraft:acacia_planks":3,"minecraft:wheat_seeds":1431,"caves_and_cliffs_mod:cobbled_deepslate":216,"minecraft:mossy_stone_bricks":8,"slimier-slimes:blue_jelly":6,"atum:relic_silver_necklace":6,"minecraft:oak_planks":26,"minecraft:black_terracotta":3,"simpleplanes:plane":3,"cgm:rifle":4,"slimier-slimes:lime_slime_ball":6,"minecraft:oak_pressure_plate":4,"minecraft:sand":68,"minecraft:melon":46,"caves_and_cliffs_mod:raw_copper":4,"atum:relic_dirty_necklace":1,"alexsmobs:animal_dictionary":2,"minecraft:barrel":3,"minecraft:mossy_cobblestone":31,"atum:relic_sapphire_brooch":7,"alexsmobs:kangaroo_hide":8,"minecraft:sugar":8,"minecraft:diamond":16,"minecraft:spruce_boat":1,"inventorypets:pet_magma_cube":2,"atum:limestone_shovel":1,"minecraft:crossbow":3,"minecraft:granite":180,"simpleplanes:large_plane":4,"minecraft:bread":142,"minecraft:emerald":17,"minecraft:oak_sapling":5,"minecraft:oak_leaves":33,"minecraft:diamond_pickaxe":4,"spartanweaponry:cestus":1,"atum:limestone_cracked":8,"minecraft:charcoal":2,"minecraft:crafting_table":7,"supertools:hammerstone":6,"minecraft:ladder":5,"minecraft:chicken":4,"atum:limestone_brick_large":11,"usefulbackpacks:backpack_medium":4,"paraglider:heart_container":1,"gravestone:obituary":25,"caves_and_cliffs_mod:raw_gold":1,"atum:limestone_brick_small":4,"minecraft:acacia_door":3,"atum:small_stairs":2,"minecraft:oak_trapdoor":34,"minecraft:red_bed":15,"minecraft:iron_axe":5,"minecraft:flint_and_steel":5,"minecraft:item_frame":2,"minecraft:cracked_stone_bricks":4,"usefulbackpacks:backpack_small":2,"minecraft:beef":10,"minecraft:oak_boat":7,"minecraft:cyan_wool":4,"minecraft:iron_nugget":5,"minecraft:poppy":4,"minecraft:spruce_slab":18,"minecraft:sugar_cane":3,"minecraft:chest":11,"minecraft:spruce_trapdoor":12,"caves_and_cliffs_mod:drip_caves_stone":37,"minecraft:sandstone":100,"spartanshields:shield_basic_iron":6,"caves_and_cliffs_mod:pointeddripstone":3,"atum:limestone_brick_chiseled":2,"atum:ectoplasm":10,"minecraft:redstone":19,"minecraft:dark_oak_planks":1,"spartanweaponry:hammer_iron":3,"minecraft:tnt":6,"mowziesmobs:painted_acacia":1,"minecraft:arrow":35,"minecraft:stone_shovel":2,"minecraft:cooked_cod":10,"caves_and_cliffs_mod:deepslate_iron_ore":5,"minecraft:saddle":1,"minecraft:gold_ingot":94,"minecraft:mutton":12,"alexsmobs:kangaroo_meat":12,"minecraft:white_wool":3,"atum:relic_sapphire_necklace":2,"caves_and_cliffs_mod:azalea_leaves_flowers":5,"atum:brigand_shield":1,"minecraft:tripwire_hook":1,"slimier-slimes:lime_jelly":3,"minecraft:leather":5,"alexsmobs:acacia_blossom":12,"minecraft:filled_map":2,"inventorypets:nugget_obsidian":5,"minecraft:oak_log":40,"atum:relic_gold_ring":2,"minecraft:gunpowder":60,"minecraft:cobblestone_stairs":4,"mowziesmobs:wrought_axe":5,"minecraft:white_banner":5,"mowziesmobs:barakoa_mask_rage":1,"minecraft:stone_bricks":21,"minecraft:kelp":10,"atum:relic_sapphire_ring":1,"atum:large_wall":3,"alexsmobs:cockroach_wing_fragment":3,"atum:limestone_brick_cracked_brick":9,"minecraft:spruce_wood":12,"minecraft:iron_ingot":67,"atum:coin_gold":16,"minecraft:stone_pickaxe":6,"minecraft:iron_ore":44,"atum:cloth_scrap":11,"slimier-slimes:purple_jelly":10,"minecraft:acacia_sapling":34,"minecraft:iron_sword":6,"minecraft:dark_oak_stairs":11,"atum:camel":6,"minecraft:book":123,"minecraft:oak_slab":7,"atum:deadwood_stick":11,"minecraft:dark_oak_slab":85,"atum:large_stairs":8,"atum:iron_greatsword":1,"minecraft:gravel":10,"atum:relic_silver_ring":4,"mowziesmobs:barakoa_mask_bliss":2,"mowziesmobs:wrought_helmet":3,"minecraft:spruce_sapling":16,"minecraft:spruce_log":33,"minecraft:dragon_egg":1,"usefulbackpacks:backpack_large":1,"slimier-slimes:green_jelly":4,"piratesandlootersreborn:big_bottle":3,"caves_and_cliffs_mod:tuff":69,"minecraft:stone_axe":1,"spartanweaponry:flanged_mace_iron":2,"minecraft:iron_helmet":8,"minecraft:damaged_anvil":2,"inventorypets:nugget_diamond":8,"minecraft:acacia_slab":18,"minecraft:black_wool":1,"minecraft:coal":143,"minecraft:ender_pearl":18},"minecraft:killed":{"mowziesmobs:barakoan_barakoana":1,"minecraft:witch":1,"minecraft:spider":2,"dungeonsmod:anthermite":102,"minecraft:skeleton":18,"atum:bonestorm":2,"minecraft:chicken":4,"minecraft:silverfish":8,"piratesandlootersreborn:capitan":1,"alexsmobs:kangaroo":4,"artifacts:mimic":1,"minecraft:parrot":1,"minecraft:zombie_villager":2,"atum:sergeant":33,"mowziesmobs:barakoan_player":1,"minecraft:ender_dragon":1,"minecraft:sheep":3,"minecraft:trader_llama":1,"minecraft:pillager":6,"minecraft:zombie":2,"atum:mummy":28,"minecraft:cow":4,"piratesandlootersreborn:rozbitek":1,"minecraft:vindicator":1,"atum:forsaken":37,"mowziesmobs:barakoa_sunblocker":4,"mowziesmobs:ferrous_wroughtnaut":1,"minecraft:drowned":1,"goblintraders:goblin_trader":1,"atum:wraith":5,"mowziesmobs:barakoaya":9,"atum:assassin":1,"atum:barbarian":10,"atum:camel":2,"atum:brigand":17,"minecraft:bat":1,"lava_monster:lava_monster":1,"slimier-slimes:rock_slime":7,"alexsmobs:cockroach":2,"alexsmobs:gazelle":2,"minecraft:enderman":2,"atum:nomad":15},"minecraft:crafted":{"minecraft:oak_planks":148,"minecraft:oak_sign":3,"minecraft:blaze_powder":50,"minecraft:oak_pressure_plate":2,"minecraft:cooked_mutton":9,"minecraft:glass":9,"minecraft:iron_boots":3,"minecraft:chest":10,"minecraft:stone_hoe":1,"minecraft:ender_eye":17,"minecraft:oak_slab":24,"atum:scarab":1,"minecraft:crafting_table":9,"spartanweaponry:hammer_iron":1,"minecraft:spruce_planks":104,"minecraft:acacia_slab":18,"minecraft:wooden_pickaxe":1,"minecraft:iron_helmet":2,"minecraft:spruce_trapdoor":8,"minecraft:iron_chestplate":3,"minecraft:diamond_pickaxe":1,"minecraft:stick":44,"minecraft:iron_ingot":87,"minecraft:acacia_door":24,"minecraft:gold_ingot":6,"spartanweaponry:flanged_mace_iron":1,"minecraft:oak_door":3,"minecraft:stone_shovel":2,"minecraft:iron_nugget":18,"supertools:hammerstone":1,"minecraft:bone_meal":9,"minecraft:oak_trapdoor":16,"minecraft:iron_axe":1,"minecraft:spruce_slab":108,"minecraft:stone_pickaxe":14,"minecraft:spruce_boat":1,"alexsmobs:cooked_kangaroo_meat":1,"spartanweaponry:handle":8,"minecraft:cooked_salmon":6,"minecraft:stone_axe":2,"minecraft:bread":126,"minecraft:air":0,"minecraft:oak_boat":2,"minecraft:iron_leggings":3,"minecraft:acacia_planks":420,"minecraft:torch":20},"minecraft:mined":{"minecraft:dark_oak_planks":1,"minecraft:spruce_planks":9,"minecraft:farmland":20,"minecraft:black_terracotta":2,"minecraft:cobblestone_stairs":2,"atum:limestone_brick_cracked_brick":5,"atum:cracked_brick_wall":2,"minecraft:obsidian":11,"minecraft:spruce_trapdoor":12,"minecraft:granite":71,"atum:limestone_brick_large":9,"minecraft:acacia_log":141,"minecraft:grass_block":133,"caves_and_cliffs_mod:deepslate":228,"caves_and_cliffs_mod:deepslate_gold_ore":1,"minecraft:oak_pressure_plate":2,"minecraft:coal_block":1,"minecraft:oak_wall_sign":1,"minecraft:spawner":20,"atum:sand":3,"caves_and_cliffs_mod:cobbled_deepslate":11,"minecraft:iron_ore":24,"minecraft:barrel":1,"minecraft:fire":9,"minecraft:dark_oak_stairs":3,"caves_and_cliffs_mod:deepslate_diamond_ore":4,"minecraft:enchanting_table":1,"atum:shrub":4,"caves_and_cliffs_mod:drip_caves_stone":34,"minecraft:spruce_slab":10,"minecraft:kelp_plant":8,"minecraft:red_bed":14,"minecraft:poppy":5,"atum:small_stairs":1,"minecraft:chest":10,"minecraft:cobblestone":187,"atum:limestone_brick_chiseled":2,"minecraft:damaged_anvil":1,"minecraft:oak_planks":10,"minecraft:sugar_cane":2,"minecraft:iron_door":7,"minecraft:wall_torch":1,"atum:limestone_brick_small":3,"minecraft:acacia_sapling":2,"minecraft:dark_oak_slab":2,"slimier-slimes:light_blue_slimy_stone":4,"minecraft:wheat":523,"minecraft:tnt":2,"minecraft:grass":992,"minecraft:oak_log":54,"minecraft:sand":45,"minecraft:dirt":231,"minecraft:tripwire_hook":1,"minecraft:oak_leaves":281,"caves_and_cliffs_mod:azalea_leaves_flowers":1,"caves_and_cliffs_mod:deepslate_iron_ore":5,"minecraft:mossy_cobblestone":2,"slimier-slimes:green_slimy_stone":3,"minecraft:end_stone":2,"gravestone:gravestone":19,"minecraft:ladder":2,"minecraft:spruce_leaves":229,"minecraft:kelp":2,"minecraft:sandstone":96,"cgm:workbench":1,"minecraft:oak_trapdoor":21,"minecraft:furnace":3,"minecraft:andesite":68,"treechop:chopped_log":105,"caves_and_cliffs_mod:azalea_leaves":7,"minecraft:bookshelf":40,"minecraft:stone":1368,"atum:large_stairs":4,"minecraft:oak_slab":7,"minecraft:acacia_leaves":1094,"slimier-slimes:lime_slimy_stone":2,"atum:large_wall":5,"minecraft:oak_fence":1,"minecraft:crafting_table":4,"minecraft:tall_grass":45,"mowziesmobs:painted_acacia":1,"minecraft:diorite":23,"minecraft:spruce_stairs":1,"caves_and_cliffs_mod:tuff":34,"minecraft:spruce_log":35,"minecraft:birch_leaves":1,"minecraft:white_wall_banner":1,"atum:sand_layer":2,"minecraft:coal_ore":46,"caves_and_cliffs_mod:pointeddripstoneupfrustum":1,"minecraft:acacia_door":1,"minecraft:gravel":6,"minecraft:cracked_stone_bricks":1,"minecraft:acacia_planks":3,"minecraft:stone_bricks":4,"minecraft:mossy_stone_bricks":3,"atum:cracked_brick_stairs":2},"minecraft:used":{"minecraft:melon":46,"minecraft:spruce_slab":100,"minecraft:oak_sign":2,"minecraft:poppy":4,"minecraft:chest":17,"minecraft:iron_sword":157,"caves_and_cliffs_mod:cobbled_deepslate":65,"minecraft:acacia_sapling":9,"minecraft:obsidian":10,"minecraft:spruce_boat":2,"minecraft:glass":9,"minecraft:dark_oak_slab":19,"minecraft:item_frame":3,"simpleplanes:plane":1,"minecraft:oak_sapling":1,"minecraft:furnace":3,"minecraft:cooked_cod":8,"spartanweaponry:flanged_mace_iron":10,"minecraft:diorite":15,"minecraft:damaged_anvil":2,"minecraft:stone_pickaxe":210,"minecraft:oak_planks":16,"atum:limestone_brick_cracked_brick":3,"minecraft:ender_pearl":1,"minecraft:wooden_pickaxe":16,"minecraft:sandstone":39,"minecraft:sand":5,"minecraft:acacia_leaves":1,"supertools:shovelstone":27,"minecraft:acacia_door":17,"minecraft:bread":258,"minecraft:oak_pressure_plate":2,"minecraft:gravel":3,"simpleplanes:large_plane":2,"caves_and_cliffs_mod:azalea_leaves":5,"caves_and_cliffs_mod:azalea_leaves_flowers":1,"minecraft:andesite":50,"minecraft:oak_boat":7,"minecraft:oak_trapdoor":32,"minecraft:bone_meal":9,"minecraft:experience_bottle":4,"spartanweaponry:cestus":5,"minecraft:enchanting_table":2,"minecraft:flint_and_steel":32,"supertools:hammerstone":237,"minecraft:stone_shovel":145,"caves_and_cliffs_mod:tuff":40,"minecraft:spruce_planks":7,"minecraft:cooked_salmon":15,"minecraft:stone_hoe":30,"minecraft:oak_door":2,"minecraft:torch":34,"minecraft:dirt":245,"spartanweaponry:hammer_iron":1,"minecraft:granite":5,"cgm:rifle":470,"alexsmobs:cooked_kangaroo_meat":8,"minecraft:iron_axe":550,"piratesandlootersreborn:coconut":1,"minecraft:acacia_planks":25,"minecraft:cooked_mutton":3,"minecraft:wheat_seeds":189,"minecraft:water_bucket":64,"minecraft:iron_ore":24,"minecraft:cobblestone_stairs":4,"minecraft:cracked_stone_bricks":2,"minecraft:salmon":3,"minecraft:oak_slab":9,"minecraft:tnt":8,"minecraft:crafting_table":14,"minecraft:red_bed":11,"atum:iron_khopesh":27,"mowziesmobs:wrought_axe":658,"minecraft:ender_eye":92,"minecraft:diamond_pickaxe":194,"minecraft:iron_pickaxe":206,"minecraft:spruce_trapdoor":13,"spartanshields:shield_basic_iron":95,"minecraft:stone_axe":156,"minecraft:cobblestone":1311,"minecraft:white_banner":4,"minecraft:cooked_porkchop":1,"minecraft:bucket":62}},"DataVersion":2586}