{"stats":{"minecraft:mined":{"minecraft:dark_oak_planks":1,"minecraft:spruce_planks":9,"minecraft:farmland":20,"minecraft:black_terracotta":2,"atum:limestone_brick_cracked_brick":2,"atum:cracked_brick_wall":2,"minecraft:obsidian":11,"minecraft:spruce_trapdoor":12,"minecraft:granite":66,"minecraft:acacia_log":134,"minecraft:grass_block":96,"caves_and_cliffs_mod:deepslate":71,"minecraft:oak_pressure_plate":2,"minecraft:coal_block":1,"minecraft:spawner":15,"caves_and_cliffs_mod:cobbled_deepslate":8,"minecraft:iron_ore":24,"minecraft:barrel":1,"minecraft:fire":9,"minecraft:dark_oak_stairs":3,"atum:shrub":1,"caves_and_cliffs_mod:drip_caves_stone":34,"minecraft:spruce_slab":5,"minecraft:red_bed":13,"minecraft:kelp_plant":8,"minecraft:poppy":5,"atum:small_stairs":1,"minecraft:chest":10,"minecraft:cobblestone":163,"minecraft:damaged_anvil":1,"minecraft:oak_planks":6,"minecraft:sugar_cane":2,"minecraft:iron_door":7,"minecraft:wall_torch":1,"atum:limestone_brick_small":1,"minecraft:acacia_sapling":2,"minecraft:dark_oak_slab":2,"minecraft:wheat":457,"minecraft:tnt":2,"minecraft:grass":992,"minecraft:oak_log":54,"minecraft:sand":45,"minecraft:dirt":67,"minecraft:tripwire_hook":1,"minecraft:oak_leaves":281,"caves_and_cliffs_mod:azalea_leaves_flowers":1,"caves_and_cliffs_mod:deepslate_iron_ore":5,"minecraft:mossy_cobblestone":2,"slimier-slimes:green_slimy_stone":3,"minecraft:end_stone":2,"minecraft:ladder":2,"gravestone:gravestone":15,"minecraft:spruce_leaves":191,"minecraft:kelp":2,"minecraft:sandstone":39,"minecraft:oak_trapdoor":21,"minecraft:furnace":3,"minecraft:andesite":68,"treechop:chopped_log":96,"caves_and_cliffs_mod:azalea_leaves":7,"minecraft:bookshelf":40,"minecraft:stone":1251,"atum:large_stairs":1,"minecraft:oak_slab":5,"minecraft:acacia_leaves":1042,"atum:large_wall":5,"minecraft:oak_fence":1,"minecraft:crafting_table":4,"minecraft:tall_grass":45,"mowziesmobs:painted_acacia":1,"minecraft:diorite":22,"minecraft:spruce_stairs":1,"caves_and_cliffs_mod:tuff":34,"minecraft:spruce_log":29,"minecraft:birch_leaves":1,"atum:sand_layer":1,"minecraft:coal_ore":44,"caves_and_cliffs_mod:pointeddripstoneupfrustum":1,"minecraft:gravel":5,"minecraft:acacia_door":1,"minecraft:cracked_stone_bricks":1,"minecraft:acacia_planks":3,"minecraft:stone_bricks":4,"minecraft:mossy_stone_bricks":3},"minecraft:used":{"minecraft:melon":46,"minecraft:spruce_slab":100,"minecraft:poppy":4,"minecraft:oak_sign":2,"minecraft:chest":17,"minecraft:iron_sword":157,"caves_and_cliffs_mod:cobbled_deepslate":46,"minecraft:acacia_sapling":9,"minecraft:obsidian":10,"minecraft:spruce_boat":2,"minecraft:glass":9,"minecraft:dark_oak_slab":19,"simpleplanes:plane":1,"minecraft:oak_sapling":1,"minecraft:furnace":3,"minecraft:cooked_cod":8,"spartanweaponry:flanged_mace_iron":10,"minecraft:diorite":14,"minecraft:damaged_anvil":1,"minecraft:stone_pickaxe":210,"minecraft:oak_planks":12,"minecraft:ender_pearl":1,"atum:limestone_brick_cracked_brick":3,"minecraft:wooden_pickaxe":16,"minecraft:sandstone":18,"minecraft:sand":5,"minecraft:acacia_leaves":1,"supertools:shovelstone":3,"minecraft:acacia_door":4,"minecraft:bread":165,"minecraft:oak_pressure_plate":2,"minecraft:gravel":3,"caves_and_cliffs_mod:azalea_leaves":5,"caves_and_cliffs_mod:azalea_leaves_flowers":1,"minecraft:andesite":50,"minecraft:oak_boat":7,"minecraft:bone_meal":9,"minecraft:experience_bottle":4,"minecraft:oak_trapdoor":32,"minecraft:enchanting_table":1,"minecraft:flint_and_steel":32,"supertools:hammerstone":200,"minecraft:stone_shovel":145,"caves_and_cliffs_mod:tuff":40,"minecraft:spruce_planks":7,"minecraft:cooked_salmon":15,"minecraft:stone_hoe":30,"minecraft:oak_door":2,"minecraft:torch":30,"minecraft:dirt":164,"spartanweaponry:hammer_iron":1,"minecraft:granite":5,"cgm:rifle":438,"alexsmobs:cooked_kangaroo_meat":8,"minecraft:iron_axe":450,"piratesandlootersreborn:coconut":1,"minecraft:acacia_planks":3,"minecraft:wheat_seeds":124,"minecraft:cooked_mutton":3,"minecraft:water_bucket":54,"minecraft:iron_ore":24,"minecraft:cracked_stone_bricks":2,"minecraft:salmon":3,"minecraft:oak_slab":9,"minecraft:tnt":8,"minecraft:crafting_table":13,"minecraft:red_bed":11,"mowziesmobs:wrought_axe":404,"minecraft:ender_eye":92,"minecraft:diamond_pickaxe":57,"minecraft:iron_pickaxe":206,"minecraft:spruce_trapdoor":13,"spartanshields:shield_basic_iron":75,"minecraft:stone_axe":156,"minecraft:cobblestone":1200,"minecraft:cooked_porkchop":1,"minecraft:bucket":54},"minecraft:crafted":{"minecraft:oak_planks":148,"minecraft:oak_sign":3,"minecraft:blaze_powder":50,"minecraft:oak_pressure_plate":2,"minecraft:cooked_mutton":9,"minecraft:glass":9,"minecraft:iron_boots":2,"minecraft:chest":10,"minecraft:stone_hoe":1,"minecraft:ender_eye":17,"minecraft:oak_slab":24,"minecraft:crafting_table":8,"spartanweaponry:hammer_iron":1,"minecraft:spruce_planks":104,"minecraft:acacia_slab":18,"minecraft:wooden_pickaxe":1,"minecraft:iron_helmet":2,"minecraft:spruce_trapdoor":8,"minecraft:iron_chestplate":2,"minecraft:diamond_pickaxe":1,"minecraft:stick":40,"minecraft:iron_ingot":63,"minecraft:acacia_door":3,"minecraft:gold_ingot":6,"spartanweaponry:flanged_mace_iron":1,"minecraft:oak_door":3,"minecraft:stone_shovel":2,"minecraft:iron_nugget":18,"supertools:hammerstone":1,"minecraft:bone_meal":9,"minecraft:oak_trapdoor":16,"minecraft:iron_axe":1,"minecraft:spruce_slab":108,"minecraft:stone_pickaxe":14,"minecraft:spruce_boat":1,"alexsmobs:cooked_kangaroo_meat":1,"spartanweaponry:handle":8,"minecraft:cooked_salmon":6,"minecraft:stone_axe":2,"minecraft:bread":126,"minecraft:air":0,"minecraft:oak_boat":2,"minecraft:iron_leggings":2,"minecraft:acacia_planks":392,"minecraft:torch":20},"minecraft:killed":{"mowziesmobs:barakoan_barakoana":1,"minecraft:witch":1,"minecraft:spider":2,"dungeonsmod:anthermite":31,"minecraft:skeleton":18,"minecraft:chicken":4,"minecraft:silverfish":8,"piratesandlootersreborn:capitan":1,"alexsmobs:kangaroo":4,"artifacts:mimic":1,"minecraft:parrot":1,"minecraft:zombie_villager":2,"atum:sergeant":15,"mowziesmobs:barakoan_player":1,"minecraft:ender_dragon":1,"minecraft:sheep":3,"minecraft:trader_llama":1,"minecraft:pillager":6,"minecraft:zombie":2,"atum:mummy":3,"minecraft:cow":4,"piratesandlootersreborn:rozbitek":1,"minecraft:vindicator":1,"atum:forsaken":12,"mowziesmobs:barakoa_sunblocker":4,"mowziesmobs:ferrous_wroughtnaut":1,"goblintraders:goblin_trader":1,"atum:wraith":3,"mowziesmobs:barakoaya":9,"atum:barbarian":5,"atum:camel":1,"atum:brigand":7,"minecraft:bat":1,"lava_monster:lava_monster":1,"slimier-slimes:rock_slime":1,"alexsmobs:cockroach":1,"alexsmobs:gazelle":2,"minecraft:enderman":2,"atum:nomad":5},"minecraft:picked_up":{"minecraft:iron_chestplate":4,"minecraft:wheat":445,"cgm:basic_bullet":150,"minecraft:potion":4,"inventorypets:nugget_lapis":4,"alexsmobs:gazelle_horn":4,"minecraft:music_disc_cat":1,"minecraft:string":5,"minecraft:cooked_salmon":9,"piratesandlootersreborn:coconut":7,"minecraft:iron_leggings":6,"caves_and_cliffs_mod:raw_iron":66,"minecraft:experience_bottle":4,"alexsmobs:emu_feather":1,"minecraft:gold_nugget":18,"minecraft:spruce_planks":40,"minecraft:ender_eye":103,"minecraft:iron_pickaxe":2,"caves_and_cliffs_mod:deepslate_gold_ore":6,"minecraft:coal_block":8,"cgm:advanced_bullet":485,"atum:coin_dirty":6,"minecraft:iron_boots":4,"minecraft:furnace":3,"minecraft:stick":63,"minecraft:torch":8,"minecraft:acacia_log":125,"minecraft:spruce_stairs":40,"minecraft:diorite":53,"atum:relic_diamond_brooch":2,"spartanshields:shield_tower_stone":1,"atum:fertile_soil_pile":1,"minecraft:stone_sword":1,"minecraft:rotten_flesh":6,"supertools:shovelstone":1,"alexsmobs:emu_egg":2,"atum:dusty_bone":5,"minecraft:blaze_rod":64,"minecraft:obsidian":11,"inventorypets:pet_sheep":3,"minecraft:cobblestone":2193,"atum:scarab":1,"minecraft:nautilus_shell":2,"minecraft:feather":18,"minecraft:iron_door":7,"minecraft:andesite":220,"caves_and_cliffs_mod:azalea_leaves":7,"mowziesmobs:barakoa_mask_fury":2,"paraglider:spirit_orb":36,"alexsmobs:cooked_kangaroo_meat":9,"minecraft:acacia_boat":1,"minecraft:dirt":391,"minecraft:light_gray_concrete_powder":4,"minecraft:name_tag":4,"minecraft:bone":43,"minecraft:acacia_planks":3,"minecraft:wheat_seeds":1314,"caves_and_cliffs_mod:cobbled_deepslate":79,"minecraft:mossy_stone_bricks":8,"slimier-slimes:blue_jelly":2,"atum:relic_silver_necklace":6,"minecraft:oak_planks":22,"minecraft:black_terracotta":3,"simpleplanes:plane":3,"cgm:rifle":4,"slimier-slimes:lime_slime_ball":6,"minecraft:oak_pressure_plate":4,"minecraft:sand":68,"minecraft:melon":46,"caves_and_cliffs_mod:raw_copper":3,"atum:relic_dirty_necklace":1,"minecraft:mossy_cobblestone":31,"minecraft:barrel":3,"alexsmobs:animal_dictionary":2,"atum:relic_sapphire_brooch":6,"alexsmobs:kangaroo_hide":8,"minecraft:sugar":2,"minecraft:diamond":12,"minecraft:spruce_boat":1,"inventorypets:pet_magma_cube":2,"atum:limestone_shovel":1,"minecraft:crossbow":3,"minecraft:granite":176,"minecraft:emerald":17,"minecraft:bread":142,"minecraft:oak_sapling":5,"minecraft:oak_leaves":33,"minecraft:charcoal":2,"minecraft:crafting_table":7,"supertools:hammerstone":6,"minecraft:chicken":4,"minecraft:ladder":5,"atum:limestone_brick_large":1,"usefulbackpacks:backpack_medium":4,"paraglider:heart_container":1,"gravestone:obituary":23,"atum:limestone_brick_small":2,"atum:small_stairs":1,"minecraft:oak_trapdoor":34,"minecraft:red_bed":15,"minecraft:iron_axe":4,"minecraft:acacia_door":1,"minecraft:flint_and_steel":5,"minecraft:cracked_stone_bricks":4,"usefulbackpacks:backpack_small":2,"minecraft:beef":10,"minecraft:oak_boat":7,"minecraft:cyan_wool":4,"minecraft:iron_nugget":5,"minecraft:poppy":4,"minecraft:spruce_slab":8,"minecraft:sugar_cane":3,"minecraft:chest":10,"minecraft:spruce_trapdoor":12,"caves_and_cliffs_mod:drip_caves_stone":37,"minecraft:sandstone":46,"spartanshields:shield_basic_iron":5,"caves_and_cliffs_mod:pointeddripstone":3,"atum:ectoplasm":7,"minecraft:redstone":19,"minecraft:dark_oak_planks":1,"spartanweaponry:hammer_iron":3,"minecraft:tnt":6,"mowziesmobs:painted_acacia":1,"minecraft:arrow":31,"minecraft:stone_shovel":2,"minecraft:cooked_cod":10,"caves_and_cliffs_mod:deepslate_iron_ore":5,"minecraft:saddle":1,"minecraft:gold_ingot":94,"minecraft:mutton":12,"alexsmobs:kangaroo_meat":12,"minecraft:white_wool":3,"atum:relic_sapphire_necklace":2,"caves_and_cliffs_mod:azalea_leaves_flowers":5,"minecraft:tripwire_hook":1,"minecraft:leather":4,"alexsmobs:acacia_blossom":12,"minecraft:filled_map":2,"inventorypets:nugget_obsidian":5,"minecraft:oak_log":40,"atum:relic_gold_ring":2,"minecraft:gunpowder":60,"mowziesmobs:wrought_axe":4,"mowziesmobs:barakoa_mask_rage":1,"minecraft:stone_bricks":21,"minecraft:kelp":10,"atum:relic_sapphire_ring":1,"atum:large_wall":3,"atum:limestone_brick_cracked_brick":6,"minecraft:spruce_wood":12,"minecraft:iron_ingot":67,"atum:coin_gold":14,"minecraft:stone_pickaxe":6,"minecraft:iron_ore":44,"slimier-slimes:purple_jelly":10,"minecraft:iron_sword":6,"minecraft:acacia_sapling":34,"minecraft:dark_oak_stairs":11,"atum:camel":2,"minecraft:book":117,"minecraft:oak_slab":7,"atum:deadwood_stick":10,"minecraft:dark_oak_slab":85,"atum:large_stairs":5,"minecraft:gravel":9,"mowziesmobs:barakoa_mask_bliss":2,"atum:relic_silver_ring":4,"mowziesmobs:wrought_helmet":3,"minecraft:spruce_sapling":14,"minecraft:spruce_log":27,"minecraft:dragon_egg":1,"slimier-slimes:green_jelly":4,"piratesandlootersreborn:big_bottle":3,"caves_and_cliffs_mod:tuff":69,"minecraft:stone_axe":1,"spartanweaponry:flanged_mace_iron":2,"minecraft:iron_helmet":8,"minecraft:acacia_slab":18,"inventorypets:nugget_diamond":8,"minecraft:damaged_anvil":1,"minecraft:black_wool":1,"minecraft:coal":141,"minecraft:ender_pearl":18},"minecraft:dropped":{"atum:relic_dirty_brooch":1,"minecraft:iron_sword":4,"slimier-slimes:lime_slime_ball":12,"minecraft:lapis_lazuli":4,"slimier-slimes:blue_jelly":2,"minecraft:cooked_beef":5,"minecraft:diamond":10,"minecraft:crafting_table":2,"minecraft:leather":10,"mowziesmobs:barako_mask":1,"minecraft:cracked_stone_bricks":2,"caves_and_cliffs_mod:cobbled_deepslate":20,"simpleplanes:plane":2,"minecraft:birch_slab":2,"paraglider:spirit_orb":2,"minecraft:emerald":4,"minecraft:dirt":162,"minecraft:red_bed":1,"mowziesmobs:barakoa_mask_rage":2,"minecraft:mutton":4,"minecraft:dark_oak_wood":1,"atum:desert_legs_iron":1,"minecraft:cooked_cod":2,"slimier-slimes:green_jelly":5,"usefulbackpacks:backpack_small":2,"gravestone:obituary":29,"alexsmobs:emu_feather":1,"atum:coin_dirty":11,"piratesandlootersreborn:coconut":14,"minecraft:gold_ingot":50,"atum:coin_gold":2,"minecraft:bone":20,"minecraft:stone_axe":2,"minecraft:sugar_cane":3,"alexsmobs:gazelle_horn":8,"atum:desert_chest_iron":1,"minecraft:iron_nugget":2,"spartanweaponry:warhammer_iron":1,"atum:relic_sapphire_brooch":1,"alexsmobs:animal_dictionary":3,"minecraft:wheat":3,"minecraft:obsidian":1,"minecraft:rotten_flesh":26,"minecraft:oak_planks":30,"mowziesmobs:barakoa_mask_bliss":2,"minecraft:cooked_mutton":6,"alexsmobs:emu_egg":3,"cgm:assault_rifle":1,"minecraft:gunpowder":42,"cgm:basic_bullet":150,"minecraft:charcoal":2,"atum:scarab":1,"minecraft:spruce_wood":18,"minecraft:acacia_sapling":1,"atum:relic_silver_necklace":2,"minecraft:arrow":48,"minecraft:iron_bars":2,"caves_and_cliffs_mod:raw_iron":48,"minecraft:beef":10,"caves_and_cliffs_mod:tuff":29,"minecraft:water_bucket":1,"minecraft:iron_ingot":55,"minecraft:bread":223,"piratesandlootersreborn:big_bottle":3,"usefulbackpacks:backpack_medium":2,"minecraft:oak_slab":5,"minecraft:wheat_seeds":949,"minecraft:tnt":4,"inventorypets:pet_sheep":1,"minecraft:cobblestone":325,"minecraft:iron_helmet":7,"minecraft:feather":7,"inventorypets:nugget_obsidian":3,"spartanweaponry:hammer_iron":2,"caves_and_cliffs_mod:pointeddripstone":10,"minecraft:granite":54,"minecraft:tropical_fish":4,"atum:relic_diamond_brooch":2,"minecraft:spruce_stairs":1,"minecraft:acacia_log":2,"mowziesmobs:wrought_axe":2,"minecraft:golden_apple":2,"minecraft:coal":60,"minecraft:coal_block":8,"minecraft:stick":8,"atum:desert_boots_iron":1,"mowziesmobs:barakoa_mask_faith":1,"minecraft:jungle_slab":1,"minecraft:diorite":20,"minecraft:torch":13,"minecraft:potion":2,"minecraft:iron_leggings":6,"mowziesmobs:wrought_helmet":1,"caves_and_cliffs_mod:deepslate_iron_ore":5,"minecraft:iron_axe":1,"minecraft:smooth_stone":1,"minecraft:string":3,"minecraft:tripwire_hook":1,"minecraft:acacia_planks":15,"minecraft:spruce_sapling":23,"minecraft:redstone":36,"minecraft:kelp":8,"supertools:hammerstone":3,"minecraft:oak_trapdoor":12,"alexsmobs:acacia_blossom":6,"minecraft:cocoa_beans":4,"spartanshields:shield_basic_iron":1,"spartanweaponry:boomerang_wood":2,"minecraft:stone_shovel":2,"spartanweaponry:flanged_mace_iron":1,"minecraft:chicken":4,"caves_and_cliffs_mod:drip_caves_stone":14,"mowziesmobs:barakoa_mask_fear":1,"minecraft:iron_boots":6,"minecraft:smoker":1,"minecraft:name_tag":1,"atum:relic_sapphire_ring":2,"alexsmobs:cooked_kangaroo_meat":5,"minecraft:flint_and_steel":1,"minecraft:filled_map":1,"atum:relic_silver_ring":1,"minecraft:hay_block":13,"mowziesmobs:barakoa_mask_fury":2,"minecraft:spruce_planks":60,"minecraft:iron_chestplate":4,"minecraft:andesite":39,"minecraft:mossy_stone_bricks":4,"minecraft:oak_sapling":4,"minecraft:redstone_torch":1,"minecraft:barrel":1,"minecraft:stone_bricks":10,"minecraft:slime_ball":6,"minecraft:sandstone":3,"minecraft:stone_pickaxe":8,"minecraft:wooden_pickaxe":2,"minecraft:nautilus_shell":1,"atum:relic_dirty_necklace":1,"spartanshields:shield_tower_stone":2,"slimier-slimes:purple_jelly":7},"minecraft:broken":{"supertools:hammerstone":1,"spartanshields:shield_basic_iron":1},"minecraft:killed_by":{"alexsmobs:elephant":2,"minecraft:vindicator":1,"minecraft:player":1,"minecraft:enderman":1,"minecraft:ender_dragon":2,"piratesandlootersreborn:capitan":2,"mowziesmobs:ferrous_wroughtnaut":3},"minecraft:custom":{"minecraft:interact_with_crafting_table":86,"minecraft:open_barrel":49,"minecraft:leave_game":15,"minecraft:time_since_death":8758,"minecraft:sprint_one_cm":2445224,"minecraft:damage_blocked_by_shield":2615,"minecraft:drop":549,"minecraft:talked_to_villager":1,"minecraft:deaths":15,"minecraft:jump":9494,"minecraft:walk_on_water_one_cm":166830,"minecraft:interact_with_furnace":76,"minecraft:interact_with_cartography_table":7,"minecraft:play_one_minute":799036,"minecraft:sleep_in_bed":8,"minecraft:damage_dealt":24267,"minecraft:player_kills":6,"minecraft:crouch_one_cm":87388,"minecraft:interact_with_anvil":8,"minecraft:mob_kills":178,"minecraft:climb_one_cm":2294,"minecraft:walk_one_cm":1786731,"minecraft:sneak_time":31591,"minecraft:walk_under_water_one_cm":65960,"minecraft:boat_one_cm":1064568,"minecraft:time_since_rest":9085,"minecraft:damage_taken":12951,"minecraft:swim_one_cm":316379,"minecraft:fly_one_cm":2415071,"minecraft:open_chest":621,"minecraft:fall_one_cm":196153}},"DataVersion":2586}