{"stats":{"minecraft:crafted":{"minecraft:oak_planks":28,"spartanweaponry:greatsword_stone":1,"minecraft:cooked_mutton":1,"minecraft:glass":24,"spartanshields:shield_tower_stone":1,"minecraft:chest":3,"minecraft:stone_hoe":1,"spartanshields:shield_basic_wood":1,"minecraft:cooked_porkchop":2,"minecraft:crafting_table":2,"minecraft:spruce_planks":12,"minecraft:tnt":8,"minecraft:stick":212,"minecraft:iron_pickaxe":1,"minecraft:stone_sword":1,"minecraft:gold_ingot":2,"minecraft:shears":1,"minecraft:stone_shovel":1,"minecraft:iron_nugget":36,"spartanweaponry:cestus":1,"minecraft:bone_meal":51,"minecraft:glass_pane":16,"minecraft:spruce_boat":1,"spartanshields:shield_tower_wood":1,"minecraft:wheat":117,"alexsmobs:cooked_kangaroo_meat":1,"minecraft:iron_sword":1,"spartanweaponry:handle":2,"minecraft:cooked_salmon":5,"minecraft:stone_axe":1,"minecraft:bread":70,"minecraft:air":0,"spartanweaponry:boomerang_stone":1,"minecraft:acacia_planks":220,"minecraft:torch":56},"minecraft:dropped":{"minecraft:iron_sword":1,"minecraft:acacia_boat":1,"slimier-slimes:lime_slime_ball":6,"minecraft:dark_oak_stairs":2,"minecraft:diamond":4,"minecraft:dark_oak_slab":62,"atum:ectoplasm":3,"caves_and_cliffs_mod:cobbled_deepslate":34,"paraglider:spirit_orb":20,"minecraft:emerald":19,"minecraft:dirt":1,"minecraft:red_bed":3,"minecraft:mutton":5,"gravestone:obituary":21,"atum:coin_dirty":3,"piratesandlootersreborn:coconut":2,"minecraft:iron_pickaxe":2,"minecraft:gold_ingot":94,"minecraft:bone":20,"alexsmobs:gazelle_horn":5,"atum:relic_sapphire_brooch":2,"alexsmobs:animal_dictionary":1,"minecraft:oak_planks":8,"alexsmobs:emu_egg":2,"minecraft:gunpowder":83,"cgm:basic_bullet":64,"caves_and_cliffs_mod:azalea_leaves":1,"minecraft:charcoal":2,"minecraft:ladder":3,"minecraft:spruce_wood":6,"atum:relic_silver_necklace":4,"caves_and_cliffs_mod:azalea_leaves_flowers":2,"minecraft:spruce_slab":5,"minecraft:iron_ingot":87,"minecraft:bread":1,"piratesandlootersreborn:big_bottle":1,"usefulbackpacks:backpack_medium":1,"minecraft:tnt":11,"minecraft:mossy_cobblestone":21,"spartanshields:shield_basic_wood":1,"minecraft:feather":1,"minecraft:iron_helmet":5,"minecraft:cobblestone":63,"minecraft:granite":9,"minecraft:acacia_log":1,"atum:relic_dirty_bracelet":1,"mowziesmobs:wrought_axe":1,"minecraft:coal_block":4,"minecraft:stick":5,"atum:relic_dirty_ring":1,"minecraft:torch":6,"atum:relic_gold_ring":1,"minecraft:potion":4,"minecraft:iron_leggings":1,"mowziesmobs:wrought_helmet":1,"minecraft:iron_axe":1,"minecraft:redstone":18,"cgm:rifle":2,"atum:dusty_bone":20,"spartanweaponry:cestus":1,"minecraft:kelp":2,"supertools:hammerstone":1,"minecraft:oak_trapdoor":12,"alexsmobs:acacia_blossom":1,"minecraft:player_head":1,"minecraft:stone_sword":1,"spartanshields:shield_basic_iron":2,"minecraft:stone_shovel":3,"minecraft:iron_boots":2,"minecraft:name_tag":2,"minecraft:flint_and_steel":7,"minecraft:filled_map":1,"atum:relic_silver_ring":2,"minecraft:spruce_planks":1,"minecraft:iron_chestplate":1,"minecraft:andesite":2,"minecraft:stone_pickaxe":2,"atum:relic_dirty_necklace":3},"minecraft:custom":{"minecraft:interact_with_crafting_table":22,"minecraft:open_barrel":82,"minecraft:leave_game":12,"minecraft:time_since_death":11030,"minecraft:sprint_one_cm":733237,"minecraft:damage_blocked_by_shield":1408,"minecraft:drop":257,"minecraft:deaths":14,"minecraft:jump":3865,"minecraft:walk_on_water_one_cm":52942,"minecraft:interact_with_furnace":44,"minecraft:interact_with_cartography_table":5,"minecraft:play_one_minute":250175,"minecraft:sleep_in_bed":8,"minecraft:damage_dealt":9512,"minecraft:player_kills":2,"minecraft:crouch_one_cm":12487,"minecraft:interact_with_smoker":2,"minecraft:mob_kills":71,"minecraft:climb_one_cm":1042,"minecraft:walk_one_cm":497311,"minecraft:sneak_time":5868,"minecraft:walk_under_water_one_cm":36280,"minecraft:boat_one_cm":588221,"minecraft:time_since_rest":11062,"minecraft:damage_taken":7586,"minecraft:swim_one_cm":292064,"minecraft:fly_one_cm":805081,"minecraft:open_chest":401,"minecraft:fall_one_cm":57451},"minecraft:broken":{"minecraft:iron_boots":1,"minecraft:stone_axe":1,"minecraft:stone_sword":1,"minecraft:iron_helmet":1},"minecraft:killed_by":{"minecraft:vindicator":3,"minecraft:player":9},"minecraft:killed":{"atum:scarab":1,"dungeonsmod:anthermite":9,"minecraft:skeleton":13,"minecraft:silverfish":1,"alexsmobs:kangaroo":2,"minecraft:pig":1,"atum:sergeant":2,"alexsmobs:seal":3,"minecraft:pillager":3,"minecraft:zombie":3,"atum:mummy":8,"atum:forsaken":3,"atum:wraith":2,"atum:barbarian":1,"atum:camel":1,"atum:brigand":1,"slimier-slimes:rock_slime":1,"alexsmobs:elephant":1,"alexsmobs:gazelle":11,"alexsmobs:crow":1,"camels:camel":1,"atum:nomad":1},"minecraft:used":{"minecraft:chest":4,"minecraft:iron_sword":43,"minecraft:rotten_flesh":20,"mowziesmobs:painted_acacia":1,"minecraft:cyan_wool":4,"minecraft:spruce_boat":1,"minecraft:glass":9,"minecraft:stone_pickaxe":34,"minecraft:white_wool":5,"minecraft:sand":9,"atum:sand":9,"minecraft:shears":2,"minecraft:redstone_torch":3,"minecraft:bread":59,"caves_and_cliffs_mod:glow_berry":2,"caves_and_cliffs_mod:azalea_leaves_flowers":17,"minecraft:smooth_stone_slab":2,"atum:limestone_cracked":8,"minecraft:bone_meal":16,"minecraft:experience_bottle":2,"minecraft:stone_sword":178,"supertools:hammerstone":28,"minecraft:tropical_fish":1,"minecraft:stone_shovel":55,"minecraft:spruce_planks":2,"spartanshields:shield_tower_stone":33,"minecraft:cooked_salmon":5,"minecraft:stone_hoe":337,"minecraft:cooked_chicken":3,"minecraft:torch":48,"caves_and_cliffs_mod:deepslate_gold_ore":6,"minecraft:dirt":16,"alexsmobs:cooked_kangaroo_meat":1,"cgm:rifle":87,"piratesandlootersreborn:coconut":1,"minecraft:wheat_seeds":303,"minecraft:cooked_mutton":2,"minecraft:water_bucket":7,"minecraft:iron_ore":2,"minecraft:cartography_table":1,"minecraft:tnt":12,"minecraft:crafting_table":2,"minecraft:red_bed":4,"spartanweaponry:boomerang_stone":1,"minecraft:cod":9,"atum:crunchy_scarab":1,"atum:deadwood_log":3,"minecraft:iron_pickaxe":12,"minecraft:stone_axe":153,"minecraft:cobblestone":65,"minecraft:bucket":7,"alexsmobs:animal_dictionary":2,"spartanweaponry:greatsword_stone":19},"minecraft:picked_up":{"minecraft:iron_chestplate":3,"minecraft:wheat":304,"cgm:basic_bullet":64,"minecraft:potion":4,"alexsmobs:gazelle_horn":15,"piratesandlootersreborn:coconut":2,"minecraft:smooth_stone_slab":2,"minecraft:iron_leggings":2,"caves_and_cliffs_mod:raw_iron":28,"minecraft:spruce_planks":10,"minecraft:redstone_torch":5,"atum:sand":9,"minecraft:iron_pickaxe":2,"atum:coin_dirty":2,"atum:deadwood_log":3,"minecraft:coal_block":8,"cgm:advanced_bullet":128,"minecraft:iron_boots":5,"minecraft:stick":42,"minecraft:torch":14,"minecraft:acacia_log":81,"minecraft:spruce_stairs":1,"atum:crunchy_scarab":1,"minecraft:porkchop":2,"minecraft:diorite":1,"spartanshields:shield_tower_stone":1,"minecraft:rotten_flesh":5,"minecraft:tropical_fish":2,"alexsmobs:emu_egg":3,"atum:dusty_bone":20,"slimier-slimes:light_blue_jelly":2,"minecraft:iron_bars":4,"minecraft:cobblestone":36,"minecraft:feather":3,"minecraft:water_bucket":1,"minecraft:andesite":2,"caves_and_cliffs_mod:azalea_leaves":47,"minecraft:smoker":2,"paraglider:spirit_orb":28,"minecraft:acacia_boat":2,"minecraft:dirt":31,"minecraft:name_tag":2,"minecraft:bone":30,"minecraft:wheat_seeds":842,"caves_and_cliffs_mod:cobbled_deepslate":34,"atum:relic_silver_necklace":7,"minecraft:oak_planks":12,"cgm:rifle":3,"slimier-slimes:lime_slime_ball":6,"minecraft:sand":33,"atum:relic_sapphire_brooch":2,"alexsmobs:animal_dictionary":1,"minecraft:mossy_cobblestone":21,"minecraft:barrel":1,"atum:relic_dirty_necklace":2,"alexsmobs:kangaroo_hide":2,"minecraft:sugar":3,"minecraft:diamond":4,"minecraft:granite":9,"minecraft:emerald":15,"minecraft:bread":30,"minecraft:oak_sapling":7,"atum:limestone_cracked":8,"minecraft:charcoal":4,"supertools:hammerstone":3,"minecraft:ladder":3,"usefulbackpacks:backpack_medium":1,"gravestone:obituary":11,"caves_and_cliffs_mod:raw_gold":8,"minecraft:oak_trapdoor":18,"minecraft:red_bed":5,"minecraft:iron_axe":1,"minecraft:flint_and_steel":5,"minecraft:cartography_table":1,"minecraft:poppy":1,"minecraft:cyan_wool":4,"minecraft:player_head":1,"caves_and_cliffs_mod:glow_berry":2,"minecraft:spruce_slab":9,"minecraft:chest":3,"spartanshields:shield_basic_iron":2,"atum:ectoplasm":3,"minecraft:redstone":19,"minecraft:tnt":17,"minecraft:arrow":58,"minecraft:stone_shovel":3,"minecraft:hay_block":26,"minecraft:gold_ingot":50,"atum:relic_ruby_bracelet":4,"minecraft:mutton":6,"minecraft:white_wool":2,"alexsmobs:kangaroo_meat":1,"caves_and_cliffs_mod:azalea_leaves_flowers":19,"minecraft:leather":4,"alexsmobs:acacia_blossom":4,"minecraft:filled_map":1,"minecraft:oak_log":19,"atum:relic_gold_ring":3,"minecraft:gunpowder":74,"mowziesmobs:wrought_axe":1,"minecraft:cooked_mutton":1,"minecraft:stone_bricks":18,"minecraft:kelp":2,"minecraft:spruce_wood":12,"atum:coin_gold":2,"minecraft:iron_ingot":60,"minecraft:stone_pickaxe":5,"minecraft:iron_ore":5,"minecraft:iron_sword":1,"minecraft:acacia_sapling":27,"minecraft:dark_oak_stairs":2,"atum:camel":2,"minecraft:oak_slab":6,"atum:deadwood_stick":1,"minecraft:dark_oak_slab":62,"atum:relic_silver_ring":3,"mowziesmobs:wrought_helmet":1,"minecraft:spruce_log":3,"piratesandlootersreborn:big_bottle":2,"minecraft:stone_axe":1,"minecraft:iron_helmet":6,"minecraft:dark_oak_wood":2,"minecraft:coal":35},"minecraft:mined":{"minecraft:spruce_planks":9,"minecraft:black_terracotta":1,"atum:cracked_brick_wall":1,"minecraft:granite":12,"minecraft:acacia_log":81,"minecraft:grass_block":5,"caves_and_cliffs_mod:deepslate":41,"minecraft:spawner":5,"atum:sand":22,"minecraft:tall_seagrass":1,"minecraft:iron_ore":3,"minecraft:fire":4,"minecraft:barrel":1,"minecraft:dark_oak_stairs":2,"minecraft:player_head":1,"minecraft:spruce_slab":3,"minecraft:red_bed":3,"minecraft:smoker":1,"minecraft:dark_oak_wood":1,"minecraft:poppy":2,"atum:deadwood_log":3,"minecraft:chest":3,"minecraft:glass":1,"minecraft:cobblestone":3,"minecraft:oak_planks":2,"minecraft:cyan_wool":4,"slimier-slimes:light_blue_slimy_stone":1,"minecraft:wheat":310,"minecraft:tnt":8,"atum:limestone":8,"minecraft:smooth_stone_slab":2,"minecraft:grass":22,"minecraft:oak_log":20,"minecraft:sand":33,"minecraft:dirt":11,"minecraft:oak_leaves":116,"caves_and_cliffs_mod:glowing_lush_caves_vine_body":1,"caves_and_cliffs_mod:azalea_leaves_flowers":24,"minecraft:mossy_cobblestone":25,"caves_and_cliffs_mod:glowing_lush_caves_vine_end":1,"gravestone:gravestone":12,"minecraft:spruce_leaves":24,"minecraft:cartography_table":1,"minecraft:hay_block":13,"minecraft:andesite":5,"treechop:chopped_log":56,"caves_and_cliffs_mod:azalea_leaves":48,"minecraft:bookshelf":2,"minecraft:stone":50,"minecraft:white_wool":2,"minecraft:redstone_wall_torch":1,"minecraft:oak_slab":2,"minecraft:acacia_leaves":751,"minecraft:campfire":1,"minecraft:tall_grass":3,"minecraft:diorite":1,"minecraft:spruce_stairs":1,"caves_and_cliffs_mod:lush_caves_vine_body":1,"minecraft:redstone_torch":2,"minecraft:spruce_log":3,"atum:sand_layer":1,"minecraft:coal_ore":37,"minecraft:stone_bricks":26}},"DataVersion":2586}