{"stats":{"minecraft:picked_up":{"minecraft:charcoal":2,"minecraft:iron_chestplate":1,"supertools:hammerstone":1,"minecraft:ladder":3,"alexsmobs:gazelle_horn":5,"minecraft:red_bed":2,"minecraft:iron_leggings":1,"caves_and_cliffs_mod:raw_iron":28,"minecraft:cartography_table":1,"minecraft:spruce_planks":7,"minecraft:redstone_torch":4,"minecraft:cyan_wool":4,"caves_and_cliffs_mod:glow_berry":2,"minecraft:spruce_slab":1,"atum:deadwood_log":3,"minecraft:iron_boots":2,"minecraft:stick":11,"spartanshields:shield_basic_iron":1,"minecraft:torch":4,"minecraft:acacia_log":23,"atum:crunchy_scarab":1,"minecraft:tnt":3,"minecraft:arrow":5,"minecraft:rotten_flesh":4,"slimier-slimes:light_blue_jelly":2,"minecraft:mutton":6,"atum:relic_ruby_bracelet":1,"minecraft:cobblestone":34,"caves_and_cliffs_mod:azalea_leaves_flowers":1,"minecraft:feather":2,"minecraft:andesite":2,"alexsmobs:acacia_blossom":2,"minecraft:smoker":1,"paraglider:spirit_orb":10,"minecraft:oak_log":9,"minecraft:dirt":16,"minecraft:cooked_mutton":1,"minecraft:bone":5,"minecraft:stone_bricks":18,"minecraft:wheat_seeds":7,"minecraft:stone_pickaxe":1,"minecraft:iron_ore":5,"caves_and_cliffs_mod:cobbled_deepslate":34,"atum:relic_silver_necklace":1,"minecraft:acacia_sapling":7,"minecraft:dark_oak_stairs":2,"atum:deadwood_stick":1,"minecraft:sand":33,"minecraft:spruce_log":3,"alexsmobs:animal_dictionary":1,"minecraft:mossy_cobblestone":21,"minecraft:iron_helmet":1,"minecraft:granite":9,"minecraft:bread":4,"minecraft:dark_oak_wood":1,"minecraft:coal":35},"minecraft:dropped":{"minecraft:bread":1,"minecraft:dark_oak_stairs":2,"minecraft:tnt":1,"minecraft:mossy_cobblestone":21,"spartanshields:shield_basic_wood":1,"minecraft:feather":1,"minecraft:granite":9,"caves_and_cliffs_mod:cobbled_deepslate":34,"atum:relic_dirty_bracelet":1,"paraglider:spirit_orb":2,"atum:relic_dirty_ring":1,"minecraft:torch":6,"minecraft:mutton":5,"gravestone:obituary":2,"atum:coin_dirty":1,"minecraft:stone_sword":1,"alexsmobs:animal_dictionary":1,"spartanshields:shield_basic_iron":1,"minecraft:stone_shovel":1,"minecraft:andesite":2,"minecraft:ladder":3,"caves_and_cliffs_mod:azalea_leaves_flowers":1,"minecraft:spruce_slab":1,"atum:relic_dirty_necklace":1},"minecraft:broken":{"minecraft:stone_axe":1},"minecraft:custom":{"minecraft:mob_kills":29,"minecraft:interact_with_crafting_table":7,"minecraft:open_barrel":5,"minecraft:leave_game":4,"minecraft:time_since_death":20680,"minecraft:sprint_one_cm":242767,"minecraft:walk_one_cm":162921,"minecraft:damage_blocked_by_shield":973,"minecraft:drop":41,"minecraft:deaths":2,"minecraft:sneak_time":4358,"minecraft:walk_under_water_one_cm":12856,"minecraft:boat_one_cm":432885,"minecraft:jump":1490,"minecraft:walk_on_water_one_cm":23662,"minecraft:interact_with_furnace":2,"minecraft:interact_with_cartography_table":2,"minecraft:play_one_minute":92854,"minecraft:time_since_rest":20711,"minecraft:damage_taken":1216,"minecraft:damage_dealt":5232,"minecraft:swim_one_cm":48776,"minecraft:fly_one_cm":297870,"minecraft:player_kills":1,"minecraft:open_chest":70,"minecraft:crouch_one_cm":10266,"minecraft:interact_with_smoker":2,"minecraft:fall_one_cm":26054},"minecraft:mined":{"caves_and_cliffs_mod:azalea_leaves_flowers":1,"minecraft:spruce_planks":9,"minecraft:mossy_cobblestone":25,"minecraft:black_terracotta":1,"caves_and_cliffs_mod:glowing_lush_caves_vine_end":1,"atum:cracked_brick_wall":1,"minecraft:granite":12,"gravestone:gravestone":2,"minecraft:acacia_log":24,"minecraft:grass_block":5,"caves_and_cliffs_mod:deepslate":41,"minecraft:spruce_leaves":23,"minecraft:cartography_table":1,"minecraft:spawner":3,"minecraft:iron_ore":3,"minecraft:barrel":1,"minecraft:andesite":5,"treechop:chopped_log":15,"minecraft:dark_oak_stairs":2,"minecraft:stone":50,"minecraft:spruce_slab":2,"minecraft:redstone_wall_torch":1,"minecraft:acacia_leaves":219,"minecraft:red_bed":2,"minecraft:smoker":1,"minecraft:dark_oak_wood":1,"atum:deadwood_log":3,"minecraft:campfire":1,"minecraft:tall_grass":3,"minecraft:cobblestone":2,"minecraft:spruce_stairs":1,"minecraft:cyan_wool":4,"caves_and_cliffs_mod:lush_caves_vine_body":1,"slimier-slimes:light_blue_slimy_stone":1,"minecraft:redstone_torch":2,"minecraft:spruce_log":3,"minecraft:tnt":2,"minecraft:grass":18,"minecraft:oak_log":10,"minecraft:coal_ore":37,"minecraft:sand":33,"minecraft:dirt":11,"minecraft:stone_bricks":26,"caves_and_cliffs_mod:glowing_lush_caves_vine_body":1},"minecraft:crafted":{"minecraft:oak_planks":28,"minecraft:stone_shovel":1,"spartanweaponry:greatsword_stone":1,"spartanshields:shield_tower_stone":1,"minecraft:spruce_boat":1,"spartanshields:shield_tower_wood":1,"spartanshields:shield_basic_wood":1,"minecraft:crafting_table":2,"minecraft:spruce_planks":12,"spartanweaponry:handle":2,"minecraft:stone_axe":1,"minecraft:tnt":8,"minecraft:stick":212,"minecraft:stone_sword":1,"minecraft:acacia_planks":92,"minecraft:torch":56},"minecraft:killed_by":{"minecraft:player":1},"minecraft:used":{"minecraft:stone_sword":133,"supertools:hammerstone":27,"minecraft:stone_shovel":33,"minecraft:spruce_planks":1,"spartanshields:shield_tower_stone":19,"minecraft:cooked_chicken":3,"minecraft:rotten_flesh":20,"minecraft:torch":44,"minecraft:dirt":16,"minecraft:spruce_boat":1,"minecraft:cooked_mutton":1,"minecraft:iron_ore":2,"minecraft:stone_pickaxe":32,"minecraft:cartography_table":1,"minecraft:sand":9,"minecraft:tnt":4,"minecraft:crafting_table":2,"minecraft:red_bed":2,"atum:crunchy_scarab":1,"minecraft:redstone_torch":3,"atum:deadwood_log":3,"minecraft:bread":3,"minecraft:stone_axe":74,"caves_and_cliffs_mod:glow_berry":2,"minecraft:cobblestone":65,"alexsmobs:animal_dictionary":2,"spartanweaponry:greatsword_stone":19,"minecraft:experience_bottle":2},"minecraft:killed":{"atum:scarab":1,"minecraft:skeleton":7,"minecraft:silverfish":1,"atum:wraith":1,"minecraft:pillager":1,"slimier-slimes:rock_slime":1,"minecraft:zombie":3,"alexsmobs:gazelle":10,"atum:mummy":3}},"DataVersion":2586}