{"stats":{"minecraft:broken":{"minecraft:stone_sword":1,"minecraft:stone_axe":1},"minecraft:custom":{"minecraft:mob_kills":45,"minecraft:interact_with_crafting_table":18,"minecraft:open_barrel":51,"minecraft:leave_game":10,"minecraft:time_since_death":13026,"minecraft:climb_one_cm":1042,"minecraft:sprint_one_cm":548928,"minecraft:walk_one_cm":353149,"minecraft:damage_blocked_by_shield":1408,"minecraft:drop":248,"minecraft:deaths":12,"minecraft:sneak_time":5404,"minecraft:walk_under_water_one_cm":33827,"minecraft:boat_one_cm":545157,"minecraft:jump":2908,"minecraft:walk_on_water_one_cm":42437,"minecraft:interact_with_furnace":43,"minecraft:interact_with_cartography_table":5,"minecraft:play_one_minute":194913,"minecraft:sleep_in_bed":3,"minecraft:time_since_rest":13055,"minecraft:damage_taken":5731,"minecraft:damage_dealt":7237,"minecraft:player_kills":1,"minecraft:swim_one_cm":182032,"minecraft:fly_one_cm":599845,"minecraft:open_chest":255,"minecraft:crouch_one_cm":11927,"minecraft:interact_with_smoker":2,"minecraft:fall_one_cm":46696},"minecraft:killed":{"atum:scarab":1,"minecraft:skeleton":13,"minecraft:silverfish":1,"alexsmobs:kangaroo":2,"atum:wraith":1,"minecraft:pig":1,"alexsmobs:seal":2,"minecraft:pillager":3,"slimier-slimes:rock_slime":1,"minecraft:zombie":3,"alexsmobs:elephant":1,"alexsmobs:gazelle":11,"alexsmobs:crow":1,"atum:mummy":3},"minecraft:used":{"minecraft:stone_sword":178,"supertools:hammerstone":27,"minecraft:tropical_fish":1,"minecraft:stone_shovel":33,"minecraft:chest":1,"minecraft:spruce_planks":2,"minecraft:cooked_salmon":5,"spartanshields:shield_tower_stone":33,"minecraft:iron_sword":2,"minecraft:cooked_chicken":3,"minecraft:rotten_flesh":20,"minecraft:stone_hoe":110,"minecraft:torch":48,"caves_and_cliffs_mod:deepslate_gold_ore":6,"minecraft:dirt":16,"mowziesmobs:painted_acacia":1,"cgm:rifle":45,"alexsmobs:cooked_kangaroo_meat":1,"minecraft:cyan_wool":4,"minecraft:spruce_boat":1,"piratesandlootersreborn:coconut":1,"minecraft:cooked_mutton":2,"minecraft:wheat_seeds":121,"minecraft:water_bucket":7,"minecraft:iron_ore":2,"minecraft:stone_pickaxe":34,"minecraft:cartography_table":1,"minecraft:white_wool":5,"minecraft:sand":9,"minecraft:tnt":12,"minecraft:crafting_table":2,"minecraft:red_bed":2,"minecraft:cod":9,"minecraft:shears":2,"atum:crunchy_scarab":1,"minecraft:redstone_torch":3,"atum:deadwood_log":3,"minecraft:bread":29,"caves_and_cliffs_mod:glow_berry":2,"minecraft:stone_axe":140,"minecraft:cobblestone":65,"caves_and_cliffs_mod:azalea_leaves_flowers":17,"minecraft:bucket":7,"alexsmobs:animal_dictionary":2,"minecraft:smooth_stone_slab":2,"spartanweaponry:greatsword_stone":19,"minecraft:bone_meal":16,"minecraft:experience_bottle":2},"minecraft:crafted":{"minecraft:oak_planks":28,"minecraft:stone_shovel":1,"minecraft:iron_nugget":27,"minecraft:bone_meal":51,"spartanweaponry:greatsword_stone":1,"minecraft:cooked_mutton":1,"minecraft:glass":24,"spartanshields:shield_tower_stone":1,"minecraft:spruce_boat":1,"minecraft:stone_hoe":1,"spartanshields:shield_tower_wood":1,"minecraft:wheat":117,"spartanshields:shield_basic_wood":1,"minecraft:cooked_porkchop":2,"minecraft:crafting_table":2,"minecraft:spruce_planks":12,"alexsmobs:cooked_kangaroo_meat":1,"minecraft:iron_sword":1,"spartanweaponry:handle":2,"minecraft:cooked_salmon":5,"minecraft:stone_axe":1,"minecraft:bread":39,"minecraft:air":0,"minecraft:tnt":8,"spartanweaponry:boomerang_stone":1,"minecraft:stick":212,"minecraft:iron_pickaxe":1,"minecraft:stone_sword":1,"minecraft:gold_ingot":2,"minecraft:acacia_planks":140,"minecraft:torch":56,"minecraft:shears":1},"minecraft:mined":{"caves_and_cliffs_mod:azalea_leaves_flowers":24,"minecraft:spruce_planks":9,"minecraft:mossy_cobblestone":25,"minecraft:black_terracotta":1,"caves_and_cliffs_mod:glowing_lush_caves_vine_end":1,"atum:cracked_brick_wall":1,"minecraft:acacia_log":75,"minecraft:granite":12,"gravestone:gravestone":10,"minecraft:grass_block":5,"caves_and_cliffs_mod:deepslate":41,"minecraft:spruce_leaves":24,"minecraft:cartography_table":1,"minecraft:spawner":3,"minecraft:hay_block":13,"minecraft:tall_seagrass":1,"minecraft:iron_ore":3,"minecraft:barrel":1,"minecraft:fire":4,"minecraft:andesite":5,"treechop:chopped_log":53,"minecraft:dark_oak_stairs":2,"caves_and_cliffs_mod:azalea_leaves":48,"minecraft:player_head":1,"minecraft:redstone_wall_torch":1,"minecraft:stone":50,"minecraft:white_wool":2,"minecraft:spruce_slab":3,"minecraft:oak_slab":2,"minecraft:acacia_leaves":696,"minecraft:red_bed":2,"minecraft:smoker":1,"minecraft:dark_oak_wood":1,"atum:deadwood_log":3,"minecraft:campfire":1,"minecraft:tall_grass":3,"minecraft:cobblestone":2,"minecraft:oak_planks":2,"minecraft:spruce_stairs":1,"minecraft:cyan_wool":4,"caves_and_cliffs_mod:lush_caves_vine_body":1,"slimier-slimes:light_blue_slimy_stone":1,"minecraft:redstone_torch":2,"minecraft:wheat":104,"minecraft:spruce_log":3,"minecraft:tnt":8,"minecraft:smooth_stone_slab":2,"minecraft:grass":22,"minecraft:coal_ore":37,"minecraft:oak_log":20,"minecraft:sand":33,"minecraft:dirt":11,"minecraft:stone_bricks":26,"minecraft:oak_leaves":116,"caves_and_cliffs_mod:glowing_lush_caves_vine_body":1},"minecraft:killed_by":{"minecraft:player":7,"minecraft:vindicator":3},"minecraft:dropped":{"minecraft:iron_sword":1,"usefulbackpacks:backpack_medium":1,"minecraft:iron_ingot":87,"minecraft:bread":1,"piratesandlootersreborn:big_bottle":1,"minecraft:acacia_boat":1,"slimier-slimes:lime_slime_ball":6,"minecraft:dark_oak_stairs":2,"minecraft:tnt":11,"minecraft:mossy_cobblestone":21,"minecraft:diamond":4,"spartanshields:shield_basic_wood":1,"minecraft:dark_oak_slab":62,"minecraft:iron_helmet":5,"minecraft:feather":1,"minecraft:cobblestone":63,"minecraft:granite":9,"caves_and_cliffs_mod:cobbled_deepslate":34,"minecraft:acacia_log":1,"atum:relic_dirty_bracelet":1,"minecraft:coal_block":4,"mowziesmobs:wrought_axe":1,"paraglider:spirit_orb":20,"minecraft:stick":5,"minecraft:emerald":19,"minecraft:dirt":1,"atum:relic_dirty_ring":1,"minecraft:red_bed":2,"minecraft:torch":6,"minecraft:mutton":5,"atum:relic_gold_ring":1,"minecraft:potion":4,"minecraft:iron_leggings":1,"gravestone:obituary":19,"mowziesmobs:wrought_helmet":1,"atum:coin_dirty":1,"minecraft:iron_axe":1,"piratesandlootersreborn:coconut":2,"minecraft:iron_pickaxe":2,"minecraft:redstone":18,"minecraft:gold_ingot":94,"minecraft:bone":20,"cgm:rifle":2,"atum:dusty_bone":20,"minecraft:kelp":2,"supertools:hammerstone":1,"minecraft:player_head":1,"minecraft:oak_trapdoor":12,"alexsmobs:acacia_blossom":1,"alexsmobs:gazelle_horn":5,"atum:relic_sapphire_brooch":2,"minecraft:stone_sword":1,"alexsmobs:animal_dictionary":1,"spartanshields:shield_basic_iron":2,"minecraft:stone_shovel":3,"minecraft:oak_planks":8,"minecraft:iron_boots":2,"minecraft:name_tag":2,"alexsmobs:emu_egg":2,"minecraft:flint_and_steel":7,"minecraft:filled_map":1,"atum:relic_silver_ring":2,"minecraft:gunpowder":83,"cgm:basic_bullet":64,"minecraft:spruce_planks":1,"caves_and_cliffs_mod:azalea_leaves":1,"minecraft:iron_chestplate":1,"minecraft:charcoal":2,"minecraft:andesite":2,"minecraft:spruce_wood":6,"minecraft:ladder":3,"caves_and_cliffs_mod:azalea_leaves_flowers":2,"atum:relic_silver_necklace":4,"minecraft:spruce_slab":5,"minecraft:stone_pickaxe":2,"atum:relic_dirty_necklace":3},"minecraft:picked_up":{"minecraft:charcoal":4,"supertools:hammerstone":3,"minecraft:iron_chestplate":3,"minecraft:wheat":99,"cgm:basic_bullet":64,"minecraft:ladder":3,"minecraft:potion":4,"usefulbackpacks:backpack_medium":1,"gravestone:obituary":11,"caves_and_cliffs_mod:raw_gold":8,"alexsmobs:gazelle_horn":15,"minecraft:oak_trapdoor":18,"minecraft:red_bed":3,"minecraft:iron_axe":1,"minecraft:flint_and_steel":5,"minecraft:smooth_stone_slab":2,"piratesandlootersreborn:coconut":2,"minecraft:iron_leggings":2,"caves_and_cliffs_mod:raw_iron":28,"minecraft:cartography_table":1,"minecraft:spruce_planks":10,"minecraft:player_head":1,"minecraft:redstone_torch":5,"minecraft:cyan_wool":4,"caves_and_cliffs_mod:glow_berry":2,"minecraft:iron_pickaxe":2,"minecraft:spruce_slab":9,"minecraft:coal_block":8,"atum:deadwood_log":3,"minecraft:chest":1,"cgm:advanced_bullet":80,"minecraft:iron_boots":5,"minecraft:stick":42,"spartanshields:shield_basic_iron":2,"minecraft:torch":14,"minecraft:acacia_log":76,"minecraft:spruce_stairs":1,"atum:crunchy_scarab":1,"minecraft:porkchop":2,"minecraft:redstone":19,"spartanshields:shield_tower_stone":1,"minecraft:tnt":17,"minecraft:arrow":58,"minecraft:stone_shovel":3,"minecraft:rotten_flesh":4,"minecraft:tropical_fish":1,"minecraft:hay_block":26,"alexsmobs:emu_egg":3,"minecraft:gold_ingot":50,"alexsmobs:kangaroo_meat":1,"slimier-slimes:light_blue_jelly":2,"atum:dusty_bone":20,"minecraft:mutton":6,"atum:relic_ruby_bracelet":4,"minecraft:iron_bars":4,"minecraft:cobblestone":36,"minecraft:white_wool":2,"caves_and_cliffs_mod:azalea_leaves_flowers":19,"minecraft:feather":3,"minecraft:andesite":2,"minecraft:water_bucket":1,"alexsmobs:acacia_blossom":4,"caves_and_cliffs_mod:azalea_leaves":47,"minecraft:smoker":2,"minecraft:filled_map":1,"paraglider:spirit_orb":26,"minecraft:oak_log":19,"atum:relic_gold_ring":3,"minecraft:gunpowder":74,"minecraft:acacia_boat":2,"mowziesmobs:wrought_axe":1,"minecraft:dirt":18,"minecraft:name_tag":2,"minecraft:cooked_mutton":1,"minecraft:bone":30,"minecraft:stone_bricks":18,"minecraft:kelp":2,"minecraft:wheat_seeds":274,"minecraft:spruce_wood":12,"minecraft:iron_ingot":60,"minecraft:stone_pickaxe":5,"minecraft:iron_ore":5,"caves_and_cliffs_mod:cobbled_deepslate":34,"atum:relic_silver_necklace":7,"minecraft:oak_planks":12,"minecraft:iron_sword":1,"minecraft:acacia_sapling":23,"minecraft:dark_oak_stairs":2,"minecraft:oak_slab":6,"minecraft:dark_oak_slab":62,"atum:deadwood_stick":1,"cgm:rifle":3,"slimier-slimes:lime_slime_ball":6,"minecraft:sand":33,"atum:relic_silver_ring":3,"mowziesmobs:wrought_helmet":1,"minecraft:spruce_log":3,"atum:relic_dirty_necklace":2,"minecraft:barrel":1,"minecraft:mossy_cobblestone":21,"alexsmobs:animal_dictionary":1,"atum:relic_sapphire_brooch":2,"piratesandlootersreborn:big_bottle":2,"alexsmobs:kangaroo_hide":2,"minecraft:diamond":4,"minecraft:stone_axe":1,"minecraft:iron_helmet":6,"minecraft:granite":9,"minecraft:emerald":15,"minecraft:bread":30,"minecraft:oak_sapling":7,"minecraft:dark_oak_wood":2,"minecraft:coal":35}},"DataVersion":2586}