{"stats":{"minecraft:killed":{"minecraft:witch":4,"mowziesmobs:barako":1,"minecraft:spider":2,"dungeonsmod:anthermite":6,"atum:bonestorm":2,"alexsmobs:kangaroo":5,"minecraft:pig":2,"atum:sergeant":4,"minecraft:trader_llama":1,"minecraft:pillager":13,"minecraft:zombie":4,"atum:mummy":19,"atum:forsaken":10,"mowziesmobs:barakoa_sunblocker":1,"minecraft:phantom":2,"atum:wraith":6,"mowziesmobs:barakoaya":9,"atum:barbarian":1,"atum:brigand":3,"minecraft:wandering_trader":1,"alexsmobs:emu":1,"slimier-slimes:rock_slime":1,"alexsmobs:elephant":1,"alexsmobs:gazelle":4,"atum:nomad":7},"minecraft:broken":{"minecraft:stone_shovel":3,"spartanshields:shield_basic_iron":1},"minecraft:killed_by":{"alexsmobs:elephant":1,"lava_monster:lava_monster":1,"atum:sergeant":2,"piratesandlootersreborn:capitan":1,"mowziesmobs:ferrous_wroughtnaut":4},"minecraft:used":{"minecraft:chest":7,"minecraft:iron_sword":833,"caves_and_cliffs_mod:cobbled_deepslate":20,"minecraft:spruce_boat":2,"minecraft:lantern":6,"minecraft:furnace":3,"spartanweaponry:flanged_mace_iron":13,"minecraft:diorite":31,"minecraft:stone_pickaxe":146,"minecraft:wooden_pickaxe":18,"minecraft:sandstone":73,"minecraft:sand":1,"minecraft:acacia_door":2,"minecraft:bread":52,"cgm:assault_rifle":299,"minecraft:andesite":7,"minecraft:oak_boat":4,"caves_and_cliffs_mod:drip_caves_stone":28,"minecraft:stone_sword":29,"supertools:hammerstone":182,"minecraft:stone_shovel":417,"minecraft:cooked_salmon":7,"minecraft:cooked_chicken":1,"minecraft:torch":15,"minecraft:dirt":44,"minecraft:anvil":1,"cgm:workbench":1,"spartanweaponry:hammer_iron":3,"alexsmobs:cooked_kangaroo_meat":3,"piratesandlootersreborn:coconut":8,"minecraft:cooked_beef":10,"minecraft:acacia_planks":50,"minecraft:cooked_mutton":5,"minecraft:acacia_boat":1,"minecraft:water_bucket":8,"minecraft:cobblestone_stairs":98,"minecraft:polished_andesite":1,"minecraft:crafting_table":6,"minecraft:red_bed":1,"atum:date":8,"minecraft:light_gray_concrete_powder":4,"spartanshields:shield_basic_iron":13,"minecraft:stone_axe":61,"minecraft:cobblestone":522,"minecraft:cooked_porkchop":2,"minecraft:andesite_stairs":9,"minecraft:bucket":9},"minecraft:mined":{"minecraft:spruce_planks":4,"minecraft:farmland":2,"minecraft:jungle_slab":1,"minecraft:andesite_stairs":9,"minecraft:cobblestone_stairs":9,"atum:limestone_brick_cracked_brick":6,"minecraft:brewing_stand":1,"minecraft:granite":62,"atum:limestone_brick_large":1,"minecraft:acacia_log":25,"minecraft:grass_block":45,"caves_and_cliffs_mod:deepslate":35,"caves_and_cliffs_mod:deepslate_gold_ore":6,"waystones:waystone":1,"minecraft:spawner":7,"minecraft:smooth_stone":1,"caves_and_cliffs_mod:pointeddripstonedownmerge":1,"minecraft:iron_ore":16,"caves_and_cliffs_mod:drip_caves_stone":9,"minecraft:light_gray_concrete":4,"slimier-slimes:purple_slimy_stone":4,"minecraft:red_bed":2,"minecraft:torch":4,"atum:small_stairs":1,"minecraft:chest":2,"minecraft:cobblestone":54,"minecraft:sugar_cane":6,"minecraft:wall_torch":5,"minecraft:cyan_wool":8,"atum:limestone_brick_small":4,"minecraft:dark_oak_slab":1,"minecraft:wheat":2184,"minecraft:grass":121,"minecraft:oak_log":4,"minecraft:sand":206,"minecraft:dirt":212,"minecraft:oak_leaves":4,"minecraft:purple_glazed_terracotta":4,"caves_and_cliffs_mod:archeologic_dirt":4,"gravestone:gravestone":8,"caves_and_cliffs_mod:pointeddripstoneuptip":1,"minecraft:birch_slab":2,"minecraft:spruce_leaves":113,"minecraft:acacia_slab":1,"minecraft:sandstone":104,"minecraft:pink_wool":1,"minecraft:andesite":103,"treechop:chopped_log":23,"minecraft:cobblestone_slab":1,"minecraft:lantern":2,"minecraft:stone":980,"atum:large_stairs":2,"minecraft:acacia_leaves":253,"minecraft:dandelion":1,"minecraft:crafting_table":2,"minecraft:tall_grass":7,"minecraft:diorite":61,"mowziesmobs:painted_acacia":1,"minecraft:gray_wool":2,"caves_and_cliffs_mod:tuff":9,"minecraft:spruce_log":12,"atum:sand_layer":1,"minecraft:coal_ore":55,"caves_and_cliffs_mod:pointeddripstoneupfrustum":3,"minecraft:gravel":7,"minecraft:acacia_planks":6,"minecraft:polished_andesite":1,"atum:cracked_brick_stairs":1},"minecraft:picked_up":{"minecraft:iron_chestplate":1,"minecraft:wheat":1950,"cgm:basic_bullet":427,"mowziesmobs:barakoa_mask_faith":5,"minecraft:lead":2,"minecraft:brewing_stand":1,"alexsmobs:gazelle_horn":3,"minecraft:string":2,"piratesandlootersreborn:coconut":12,"minecraft:iron_leggings":2,"caves_and_cliffs_mod:raw_iron":97,"alexsmobs:emu_feather":1,"minecraft:smooth_stone":2,"minecraft:spruce_planks":63,"spartanshields:shield_basic_wood":1,"caves_and_cliffs_mod:deepslate_gold_ore":6,"cgm:advanced_bullet":80,"atum:coin_dirty":4,"minecraft:iron_boots":2,"minecraft:stick":14,"atum:iron_scimitar":1,"minecraft:torch":17,"minecraft:acacia_log":25,"minecraft:porkchop":2,"caves_and_cliffs_mod:archeologic_dirt":4,"minecraft:diorite":58,"atum:relic_diamond_brooch":4,"minecraft:rotten_flesh":22,"minecraft:tropical_fish":3,"atum:short_bow":2,"atum:dusty_bone":3,"minecraft:cobblestone":1167,"minecraft:nautilus_shell":1,"minecraft:cooked_beef":5,"minecraft:birch_slab":4,"minecraft:andesite":114,"mowziesmobs:barakoa_mask_fury":16,"paraglider:spirit_orb":13,"alexsmobs:cooked_kangaroo_meat":6,"minecraft:lapis_lazuli":4,"minecraft:dirt":277,"minecraft:lantern":2,"minecraft:acacia_planks":17,"minecraft:wheat_seeds":6542,"caves_and_cliffs_mod:cobbled_deepslate":54,"slimier-slimes:blue_jelly":4,"minecraft:glowstone_dust":1,"atum:relic_silver_necklace":2,"minecraft:oak_planks":7,"cgm:rifle":1,"minecraft:sand":203,"minecraft:jungle_slab":3,"alexsmobs:animal_dictionary":1,"atum:relic_sapphire_brooch":1,"minecraft:light_gray_concrete":4,"minecraft:polished_andesite":1,"alexsmobs:kangaroo_hide":1,"minecraft:sugar":3,"minecraft:diamond":1,"minecraft:crossbow":1,"minecraft:granite":95,"minecraft:golden_apple":2,"minecraft:emerald":2,"minecraft:bread":119,"atum:desert_chest_iron":1,"supertools:hammerstone":2,"minecraft:cocoa_beans":4,"minecraft:crafting_table":3,"minecraft:chicken":4,"minecraft:wooden_pickaxe":4,"minecraft:pink_wool":2,"usefulbackpacks:backpack_medium":1,"gravestone:obituary":7,"caves_and_cliffs_mod:raw_gold":2,"minecraft:shield":1,"minecraft:red_bed":1,"minecraft:acacia_door":2,"minecraft:item_frame":1,"usefulbackpacks:backpack_small":1,"minecraft:beef":10,"minecraft:andesite_stairs":9,"minecraft:cyan_wool":7,"minecraft:oak_boat":2,"minecraft:player_head":1,"minecraft:spruce_slab":2,"minecraft:chest":2,"minecraft:sugar_cane":18,"caves_and_cliffs_mod:drip_caves_stone":19,"minecraft:sandstone":94,"caves_and_cliffs_mod:pointeddripstone":17,"atum:desert_legs_iron":1,"minecraft:bowl":3,"atum:ectoplasm":6,"spartanweaponry:hammer_iron":1,"minecraft:cooked_cod":2,"mowziesmobs:painted_acacia":1,"minecraft:arrow":7,"minecraft:stone_shovel":1,"cgm:assault_rifle":2,"mowziesmobs:barakoa_mask_fear":6,"minecraft:mutton":7,"alexsmobs:kangaroo_meat":4,"atum:brigand_shield":1,"minecraft:leather":6,"alexsmobs:acacia_blossom":6,"minecraft:oak_log":4,"atum:relic_gold_ring":1,"mowziesmobs:wrought_axe":1,"minecraft:gunpowder":1,"minecraft:cobblestone_stairs":7,"minecraft:cooked_mutton":5,"mowziesmobs:barako_mask":2,"mowziesmobs:barakoa_mask_rage":10,"atum:relic_sapphire_ring":3,"minecraft:kelp":1,"atum:limestone_brick_cracked_brick":2,"atum:coin_gold":9,"minecraft:iron_ingot":58,"minecraft:stone_pickaxe":5,"minecraft:iron_ore":2,"atum:cloth_scrap":4,"slimier-slimes:purple_jelly":16,"minecraft:glass_bottle":2,"minecraft:iron_sword":1,"minecraft:acacia_sapling":11,"atum:deadwood_stick":1,"minecraft:dark_oak_slab":1,"minecraft:dandelion":2,"minecraft:gravel":6,"mowziesmobs:barakoa_mask_bliss":11,"atum:relic_silver_ring":1,"mowziesmobs:wrought_helmet":1,"minecraft:spruce_sapling":45,"minecraft:spruce_log":13,"slimier-slimes:green_jelly":6,"caves_and_cliffs_mod:tuff":14,"minecraft:purple_glazed_terracotta":4,"minecraft:stone_axe":2,"spartanweaponry:flanged_mace_iron":1,"minecraft:gray_wool":2,"minecraft:acacia_slab":1,"minecraft:coal":75},"minecraft:custom":{"minecraft:interact_with_crafting_table":98,"minecraft:open_barrel":17,"goblintraders:trade_with_goblin":2,"minecraft:leave_game":4,"minecraft:time_since_death":16841,"minecraft:sprint_one_cm":1002700,"minecraft:damage_blocked_by_shield":868,"minecraft:drop":249,"minecraft:talked_to_villager":4,"minecraft:deaths":10,"minecraft:jump":5143,"minecraft:walk_on_water_one_cm":46512,"minecraft:interact_with_furnace":85,"minecraft:interact_with_cartography_table":3,"minecraft:play_one_minute":411785,"minecraft:sleep_in_bed":1,"minecraft:damage_dealt":13351,"minecraft:crouch_one_cm":18118,"minecraft:inspect_dispenser":1,"minecraft:horse_one_cm":55578,"minecraft:inspect_dropper":1,"minecraft:mob_kills":109,"minecraft:interact_with_anvil":2,"minecraft:climb_one_cm":11688,"minecraft:walk_one_cm":867005,"minecraft:sneak_time":6481,"minecraft:walk_under_water_one_cm":32248,"minecraft:boat_one_cm":1056218,"minecraft:time_since_rest":16864,"minecraft:damage_taken":6973,"minecraft:swim_one_cm":21530,"minecraft:fly_one_cm":1054413,"minecraft:open_chest":387,"minecraft:fall_one_cm":120809},"minecraft:crafted":{"minecraft:light_gray_concrete_powder":8,"minecraft:oak_planks":36,"spartanshields:shield_basic_iron":4,"minecraft:cooked_chicken":4,"usefulbackpacks:backpack_small":2,"minecraft:cobblestone_stairs":96,"minecraft:iron_boots":1,"minecraft:chest":5,"spartanshields:shield_basic_wood":4,"atum:scarab":1,"minecraft:emerald":2,"minecraft:cooked_porkchop":2,"minecraft:crafting_table":4,"spartanweaponry:hammer_iron":1,"minecraft:spruce_planks":52,"minecraft:wooden_pickaxe":1,"minecraft:iron_helmet":1,"minecraft:iron_chestplate":1,"minecraft:stick":52,"minecraft:iron_ingot":87,"minecraft:iron_pickaxe":1,"minecraft:andesite_stairs":16,"minecraft:iron_block":3,"minecraft:stone_sword":1,"minecraft:sandstone":36,"spartanweaponry:flanged_mace_iron":1,"minecraft:stone_shovel":4,"minecraft:iron_nugget":189,"supertools:hammerstone":5,"minecraft:furnace":3,"minecraft:lantern":4,"minecraft:leather":8,"minecraft:iron_axe":1,"minecraft:stone_pickaxe":46,"usefulbackpacks:backpack_medium":2,"minecraft:spruce_boat":2,"cgm:workbench":1,"minecraft:cooked_beef":10,"paraglider:paraglider":1,"minecraft:cooked_cod":10,"alexsmobs:cooked_kangaroo_meat":3,"minecraft:iron_sword":2,"spartanweaponry:handle":4,"minecraft:cooked_salmon":17,"minecraft:stone_axe":2,"minecraft:air":0,"minecraft:acacia_boat":1,"minecraft:bread":650,"minecraft:oak_boat":2,"minecraft:gold_nugget":20,"minecraft:iron_leggings":1,"minecraft:anvil":1,"minecraft:acacia_planks":68,"minecraft:torch":60},"minecraft:dropped":{"atum:relic_dirty_brooch":2,"minecraft:iron_sword":2,"minecraft:crossbow":1,"atum:ectoplasm":1,"paraglider:spirit_orb":1,"minecraft:dirt":8,"minecraft:cooked_cod":10,"usefulbackpacks:backpack_small":1,"gravestone:obituary":14,"atum:coin_dirty":11,"piratesandlootersreborn:coconut":7,"minecraft:sugar":1,"minecraft:stone_axe":1,"atum:relic_sapphire_brooch":1,"minecraft:wheat":1,"minecraft:rotten_flesh":2,"minecraft:oak_planks":3,"atum:scarab":1,"minecraft:acacia_sapling":1,"atum:relic_silver_necklace":2,"minecraft:iron_ore":4,"caves_and_cliffs_mod:raw_iron":2,"caves_and_cliffs_mod:tuff":1,"minecraft:bread":83,"atum:limestone_brick_cracked_brick":2,"usefulbackpacks:backpack_medium":2,"minecraft:wheat_seeds":6070,"spartanshields:shield_basic_wood":1,"minecraft:iron_helmet":2,"minecraft:cobblestone":527,"caves_and_cliffs_mod:raw_copper":1,"spartanweaponry:hammer_iron":1,"minecraft:granite":7,"atum:relic_diamond_brooch":1,"mowziesmobs:wrought_axe":1,"minecraft:coal":8,"atum:relic_dirty_ring":3,"minecraft:diorite":22,"minecraft:cooked_salmon":9,"atum:relic_gold_ring":2,"minecraft:iron_leggings":3,"mowziesmobs:wrought_helmet":1,"minecraft:iron_axe":1,"minecraft:spruce_sapling":24,"minecraft:dandelion":2,"cgm:rifle":2,"cgm:advanced_bullet":85,"minecraft:kelp":1,"supertools:hammerstone":5,"alexsmobs:acacia_blossom":2,"spartanshields:shield_basic_iron":2,"spartanweaponry:flanged_mace_iron":1,"minecraft:iron_boots":2,"alexsmobs:cooked_kangaroo_meat":3,"minecraft:filled_map":1,"mowziesmobs:barakoa_mask_fury":1,"minecraft:spruce_planks":29,"minecraft:iron_chestplate":2,"minecraft:andesite":66,"minecraft:stone_pickaxe":3,"minecraft:nautilus_shell":1,"atum:relic_dirty_necklace":3,"slimier-slimes:purple_jelly":5}},"DataVersion":2586}