{"stats":{"minecraft:dropped":{"atum:relic_dirty_brooch":2,"minecraft:iron_sword":3,"minecraft:ender_pearl":17,"minecraft:crossbow":1,"atum:ectoplasm":1,"paraglider:spirit_orb":1,"minecraft:dirt":9,"minecraft:cooked_cod":10,"inventorypets:pet_creeper":1,"usefulbackpacks:backpack_small":1,"gravestone:obituary":42,"atum:coin_dirty":30,"piratesandlootersreborn:coconut":7,"minecraft:sugar":1,"minecraft:iron_pickaxe":2,"usefulbackpacks:backpack_large":2,"minecraft:stone_axe":1,"atum:relic_sapphire_brooch":2,"minecraft:wheat":1,"minecraft:rotten_flesh":2,"minecraft:oak_planks":3,"cgm:assault_rifle":1,"caves_and_cliffs_mod:raw_gold":2,"mowziesmobs:painted_acacia":1,"minecraft:gunpowder":8,"atum:scarab":2,"caves_and_cliffs_mod:azalea_leaves_flowers":5,"minecraft:acacia_sapling":59,"atum:relic_silver_necklace":2,"minecraft:iron_ore":4,"caves_and_cliffs_mod:raw_iron":2,"caves_and_cliffs_mod:tuff":4,"minecraft:enchanted_book":1,"minecraft:iron_ingot":51,"minecraft:bread":83,"atum:limestone_brick_cracked_brick":2,"usefulbackpacks:backpack_medium":2,"minecraft:wheat_seeds":6070,"inventorypets:pet_sheep":1,"spartanshields:shield_basic_wood":1,"minecraft:cobblestone":591,"minecraft:iron_helmet":2,"caves_and_cliffs_mod:raw_copper":1,"spartanweaponry:hammer_iron":1,"minecraft:granite":7,"supertools:shovelstone":1,"atum:relic_diamond_brooch":1,"minecraft:coal":8,"mowziesmobs:wrought_axe":1,"atum:desert_boots_iron":1,"atum:relic_dirty_ring":5,"minecraft:diorite":22,"minecraft:cooked_salmon":9,"atum:relic_gold_ring":2,"minecraft:iron_leggings":4,"mowziesmobs:wrought_helmet":1,"minecraft:iron_axe":2,"minecraft:smooth_stone":1,"minecraft:spruce_sapling":36,"minecraft:dandelion":2,"cgm:rifle":2,"cgm:advanced_bullet":85,"minecraft:kelp":1,"supertools:hammerstone":7,"alexsmobs:acacia_blossom":2,"minecraft:blaze_rod":64,"spartanshields:shield_basic_iron":3,"spartanweaponry:flanged_mace_iron":1,"minecraft:iron_boots":2,"minecraft:damaged_anvil":1,"minecraft:ender_eye":243,"atum:relic_sapphire_ring":1,"alexsmobs:cooked_kangaroo_meat":3,"minecraft:filled_map":1,"atum:relic_silver_ring":1,"mowziesmobs:barakoa_mask_fury":1,"minecraft:spruce_planks":29,"minecraft:dragon_egg":1,"minecraft:iron_chestplate":3,"minecraft:andesite":66,"minecraft:stone_pickaxe":3,"minecraft:nautilus_shell":1,"atum:relic_dirty_necklace":3,"slimier-slimes:purple_jelly":5},"minecraft:crafted":{"minecraft:light_gray_concrete_powder":8,"minecraft:smooth_stone":19,"minecraft:oak_planks":292,"spartanshields:shield_basic_iron":5,"minecraft:cooked_chicken":4,"usefulbackpacks:backpack_small":2,"minecraft:stone":24,"minecraft:cobblestone_stairs":112,"simpleplanes:floaty_bedding":2,"minecraft:bookshelf":53,"supertools:shovelstone":1,"simpleplanes:large_plane":1,"minecraft:bow":1,"minecraft:iron_boots":1,"minecraft:chest":19,"minecraft:acacia_fence":42,"simpleplanes:plane":1,"spartanshields:shield_basic_wood":5,"minecraft:emerald":2,"atum:scarab":2,"minecraft:cooked_porkchop":2,"minecraft:crafting_table":9,"spartanweaponry:hammer_iron":1,"minecraft:spruce_planks":52,"minecraft:wooden_pickaxe":1,"minecraft:iron_helmet":1,"minecraft:gold_block":1,"minecraft:iron_chestplate":1,"minecraft:book":1,"minecraft:paper":6,"minecraft:light_weighted_pressure_plate":6,"minecraft:stick":120,"minecraft:iron_pickaxe":6,"usefulbackpacks:backpack_large":2,"minecraft:iron_ingot":157,"minecraft:andesite_stairs":16,"minecraft:iron_block":3,"minecraft:stone_sword":1,"minecraft:sandstone":36,"minecraft:shears":1,"spartanweaponry:flanged_mace_iron":1,"minecraft:stone_shovel":13,"minecraft:iron_nugget":297,"simpleplanes:plane_workbench":1,"supertools:hammerstone":7,"minecraft:furnace":9,"minecraft:acacia_fence_gate":1,"minecraft:blast_furnace":2,"minecraft:white_carpet":6,"minecraft:oak_trapdoor":2,"minecraft:flint_and_steel":1,"minecraft:lantern":4,"minecraft:leather":8,"minecraft:iron_axe":5,"minecraft:iron_hoe":1,"minecraft:stone_pickaxe":65,"usefulbackpacks:backpack_medium":2,"minecraft:spruce_boat":2,"simpleplanes:propeller":4,"cgm:workbench":1,"minecraft:cooked_beef":10,"paraglider:paraglider":1,"minecraft:cooked_cod":10,"minecraft:enchanting_table":1,"simpleplanes:furnace_engine":2,"alexsmobs:cooked_kangaroo_meat":3,"minecraft:iron_sword":4,"spartanweaponry:handle":4,"minecraft:cooked_salmon":17,"minecraft:stone_axe":2,"minecraft:acacia_boat":1,"minecraft:bread":650,"minecraft:air":0,"minecraft:oak_boat":2,"minecraft:white_wool":12,"inventorypets:nugget_coal":16,"minecraft:gold_nugget":20,"minecraft:iron_shovel":2,"minecraft:iron_leggings":2,"minecraft:anvil":1,"minecraft:acacia_planks":312,"minecraft:torch":68,"minecraft:diamond_chestplate":1},"minecraft:custom":{"minecraft:interact_with_crafting_table":184,"minecraft:open_barrel":122,"goblintraders:trade_with_goblin":2,"minecraft:leave_game":24,"minecraft:time_since_death":57778,"minecraft:sprint_one_cm":2163141,"minecraft:damage_blocked_by_shield":1510,"minecraft:drop":370,"minecraft:talked_to_villager":4,"minecraft:deaths":25,"minecraft:jump":10664,"minecraft:walk_on_water_one_cm":126524,"minecraft:enchant_item":8,"minecraft:interact_with_furnace":178,"minecraft:interact_with_cartography_table":6,"minecraft:play_one_minute":935762,"minecraft:sleep_in_bed":3,"minecraft:damage_dealt":36217,"minecraft:player_kills":2,"minecraft:crouch_one_cm":52043,"minecraft:inspect_dispenser":1,"minecraft:horse_one_cm":723288,"minecraft:inspect_dropper":1,"minecraft:interact_with_anvil":3,"minecraft:mob_kills":305,"minecraft:damage_dealt_resisted":1064,"minecraft:climb_one_cm":13722,"minecraft:walk_one_cm":1809959,"minecraft:sneak_time":21954,"minecraft:walk_under_water_one_cm":99741,"minecraft:boat_one_cm":1240452,"minecraft:time_since_rest":57803,"minecraft:damage_taken":16930,"minecraft:trigger_trapped_chest":1,"minecraft:swim_one_cm":107427,"minecraft:fly_one_cm":4294899,"minecraft:open_chest":1095,"minecraft:fall_one_cm":241980},"minecraft:picked_up":{"minecraft:iron_chestplate":2,"minecraft:wheat":1966,"cgm:basic_bullet":1229,"mowziesmobs:barakoa_mask_faith":7,"minecraft:lead":2,"minecraft:enchanted_book":2,"atum:camel_iron_armor":2,"minecraft:brewing_stand":1,"alexsmobs:gazelle_horn":3,"minecraft:string":28,"minecraft:soul_soil":1,"piratesandlootersreborn:coconut":14,"minecraft:iron_leggings":3,"caves_and_cliffs_mod:raw_iron":169,"minecraft:oak_sign":2,"alexsmobs:emu_feather":2,"minecraft:smooth_stone":4,"minecraft:spruce_planks":63,"atum:date":8,"atum:sand":211,"minecraft:ender_eye":189,"spartanshields:shield_basic_wood":1,"caves_and_cliffs_mod:deepslate_gold_ore":6,"cgm:advanced_bullet":80,"atum:coin_dirty":18,"minecraft:iron_boots":2,"minecraft:furnace":2,"minecraft:stick":84,"atum:iron_scimitar":3,"minecraft:acacia_fence":3,"atum:quail_egg":3,"atum:desert_wolf_iron_armor":2,"inventorypets:pet_silverfish":3,"minecraft:torch":74,"minecraft:acacia_log":179,"minecraft:spruce_stairs":1,"minecraft:porkchop":2,"caves_and_cliffs_mod:archeologic_dirt":4,"minecraft:diorite":77,"atum:relic_dirty_ring":2,"atum:relic_diamond_brooch":5,"atum:fertile_soil_pile":7,"atum:desert_wolf_diamond_armor":1,"minecraft:rotten_flesh":67,"minecraft:tropical_fish":3,"atum:emmer_seeds":7,"artifacts:villager_hat":1,"atum:short_bow":4,"minecraft:bookshelf":17,"atum:dusty_bone":34,"minecraft:blaze_rod":2,"minecraft:obsidian":1,"mowziesmobs:barakoa_mask_misery":4,"minecraft:iron_bars":3,"caves_and_cliffs_mod:sculk_full_block":1,"inventorypets:pet_sheep":1,"minecraft:cobblestone":1768,"minecraft:nautilus_shell":1,"minecraft:enchanting_table":3,"minecraft:feather":27,"minecraft:cooked_beef":5,"minecraft:water_bucket":1,"minecraft:birch_slab":4,"minecraft:andesite":170,"minecraft:acacia_leaves":49,"caves_and_cliffs_mod:azalea_leaves":98,"mowziesmobs:barakoa_mask_fury":20,"paraglider:spirit_orb":31,"minecraft:flint":5,"alexsmobs:cooked_kangaroo_meat":6,"atum:nebu_torch":3,"minecraft:lapis_lazuli":73,"minecraft:dirt":1167,"minecraft:lantern":2,"minecraft:name_tag":2,"minecraft:bone":18,"minecraft:chipped_anvil":1,"minecraft:acacia_planks":30,"minecraft:wheat_seeds":6688,"atum:limestone_sword":2,"caves_and_cliffs_mod:cobbled_deepslate":123,"minecraft:mossy_stone_bricks":14,"slimier-slimes:blue_jelly":13,"minecraft:glowstone_dust":1,"atum:relic_silver_necklace":2,"minecraft:oak_planks":44,"minecraft:black_terracotta":10,"simpleplanes:plane":22,"atum:desert_boots_iron":2,"cgm:rifle":1,"slimier-slimes:lime_slime_ball":12,"slimier-slimes:magenta_jelly":55,"minecraft:sand":205,"minecraft:melon":7,"cgm:shell":48,"minecraft:jungle_slab":3,"alexsmobs:animal_dictionary":1,"minecraft:barrel":4,"minecraft:mossy_cobblestone":21,"atum:relic_sapphire_brooch":2,"minecraft:light_gray_concrete":5,"minecraft:polished_andesite":1,"alexsmobs:kangaroo_hide":1,"minecraft:sugar":11,"minecraft:diamond":24,"atum:limestone_shovel":6,"minecraft:crossbow":1,"minecraft:granite":149,"simpleplanes:large_plane":8,"minecraft:golden_apple":2,"minecraft:bread":167,"minecraft:emerald":7,"minecraft:oak_sapling":26,"evolved_rpg:everice_shard":2,"minecraft:oak_leaves":10,"atum:desert_chest_iron":2,"minecraft:cocoa_beans":4,"minecraft:crafting_table":10,"supertools:hammerstone":2,"minecraft:chicken":4,"minecraft:ladder":6,"atum:limestone_brick_large":1,"minecraft:wooden_pickaxe":4,"minecraft:pink_wool":2,"usefulbackpacks:backpack_medium":3,"paraglider:heart_container":1,"atum:palm_crate":40,"gravestone:obituary":21,"caves_and_cliffs_mod:raw_gold":9,"minecraft:shield":1,"atum:limestone_brick_small":2,"atum:small_stairs":1,"minecraft:red_bed":1,"minecraft:acacia_door":2,"minecraft:iron_axe":1,"cgm:shotgun":1,"minecraft:item_frame":3,"minecraft:cracked_stone_bricks":8,"minecraft:cartography_table":1,"usefulbackpacks:backpack_small":1,"atum:iron_club":1,"minecraft:beef":10,"minecraft:andesite_stairs":25,"minecraft:oak_boat":2,"minecraft:cyan_wool":11,"minecraft:player_head":2,"minecraft:iron_nugget":69,"minecraft:poppy":1,"minecraft:spruce_slab":6,"minecraft:sugar_cane":33,"minecraft:chest":11,"minecraft:phantom_membrane":1,"caves_and_cliffs_mod:drip_caves_stone":47,"minecraft:sandstone":118,"minecraft:end_stone":7,"caves_and_cliffs_mod:pointeddripstone":31,"minecraft:oak_door":4,"atum:desert_legs_iron":3,"minecraft:bowl":3,"atum:ectoplasm":8,"artifacts:vampiric_glove":1,"minecraft:redstone":29,"minecraft:dark_oak_planks":1,"spartanweaponry:hammer_iron":1,"minecraft:tnt":12,"mowziesmobs:painted_acacia":3,"inventorypets:nugget_ender":4,"minecraft:arrow":16,"minecraft:stone_shovel":1,"minecraft:cooked_cod":2,"minecraft:beetroot_seeds":4,"cgm:assault_rifle":3,"betterendforge:ender_shard":2,"mowziesmobs:barakoa_mask_fear":6,"betterendforge:thallasium_ore":4,"caves_and_cliffs_mod:deepslate_iron_ore":5,"artifacts:cross_necklace":1,"minecraft:gold_ingot":8,"minecraft:mutton":7,"atum:limestone_axe":6,"alexsmobs:kangaroo_meat":4,"minecraft:white_wool":1,"caves_and_cliffs_mod:azalea_leaves_flowers":28,"atum:brigand_shield":2,"minecraft:tripwire_hook":1,"minecraft:leather":19,"alexsmobs:acacia_blossom":22,"minecraft:filled_map":2,"inventorypets:nugget_obsidian":6,"minecraft:oak_log":63,"atum:relic_gold_ring":1,"minecraft:gunpowder":34,"minecraft:cobblestone_stairs":15,"mowziesmobs:wrought_axe":1,"minecraft:white_banner":3,"caves_and_cliffs_mod:sculk_end_block":2,"minecraft:cooked_mutton":5,"mowziesmobs:barako_mask":2,"mowziesmobs:barakoa_mask_rage":13,"minecraft:apple":1,"minecraft:stone_bricks":21,"minecraft:kelp":7,"atum:relic_sapphire_ring":6,"atum:limestone_brick_cracked_brick":7,"atum:limestone_hoe":7,"minecraft:iron_ingot":107,"slimier-slimes:red_jelly":1,"atum:coin_gold":28,"minecraft:stone_pickaxe":5,"minecraft:iron_ore":23,"atum:cloth_scrap":33,"slimier-slimes:purple_jelly":16,"minecraft:glass_bottle":2,"minecraft:acacia_sapling":103,"minecraft:iron_sword":1,"minecraft:dark_oak_stairs":3,"minecraft:book":561,"minecraft:oak_slab":1,"atum:deadwood_stick":1,"minecraft:dark_oak_slab":1,"atum:large_stairs":2,"atum:limestone_pickaxe":7,"atum:iron_greatsword":1,"minecraft:dandelion":2,"minecraft:gravel":27,"atum:relic_silver_ring":3,"mowziesmobs:barakoa_mask_bliss":13,"mowziesmobs:wrought_helmet":1,"minecraft:spruce_sapling":50,"minecraft:spruce_log":13,"minecraft:dragon_egg":1,"usefulbackpacks:backpack_large":3,"slimier-slimes:green_jelly":6,"caves_and_cliffs_mod:tuff":33,"minecraft:purple_glazed_terracotta":4,"minecraft:stone_axe":2,"spartanweaponry:flanged_mace_iron":1,"minecraft:gray_wool":2,"minecraft:damaged_anvil":1,"minecraft:melon_seeds":8,"minecraft:acacia_slab":1,"caves_and_cliffs_mod:sculk_sensor":1,"cgm:workbench":5,"minecraft:coal":121,"minecraft:ender_pearl":5},"minecraft:broken":{"minecraft:iron_shovel":2,"minecraft:iron_boots":2,"minecraft:stone_shovel":3,"spartanshields:shield_basic_iron":1,"minecraft:iron_axe":1,"minecraft:iron_pickaxe":1},"minecraft:used":{"minecraft:iron_shovel":535,"minecraft:oak_sign":2,"minecraft:chest":29,"minecraft:iron_sword":977,"minecraft:player_head":1,"caves_and_cliffs_mod:cobbled_deepslate":48,"minecraft:acacia_sapling":64,"atum:palm_crate":2,"minecraft:spruce_boat":2,"cgm:shotgun":1,"minecraft:lantern":6,"minecraft:stone_bricks":11,"minecraft:item_frame":2,"simpleplanes:plane":23,"minecraft:bow":23,"minecraft:oak_sapling":24,"minecraft:furnace":9,"minecraft:acacia_fence":45,"spartanweaponry:flanged_mace_iron":13,"atum:nebu_torch":2,"minecraft:mossy_stone_bricks":3,"minecraft:diorite":31,"minecraft:stone_pickaxe":146,"minecraft:oak_planks":120,"minecraft:wooden_pickaxe":18,"minecraft:ender_pearl":4,"minecraft:sandstone":73,"minecraft:white_wool":1,"minecraft:sand":1,"minecraft:shears":49,"minecraft:acacia_door":2,"minecraft:bread":174,"minecraft:gravel":14,"cgm:assault_rifle":1216,"simpleplanes:plane_workbench":1,"simpleplanes:large_plane":9,"caves_and_cliffs_mod:azalea_leaves":2,"atum:iron_club":152,"caves_and_cliffs_mod:azalea_leaves_flowers":1,"minecraft:andesite":7,"minecraft:oak_boat":4,"caves_and_cliffs_mod:drip_caves_stone":28,"minecraft:enchanting_table":3,"minecraft:stone_sword":29,"minecraft:acacia_log":1,"minecraft:flint_and_steel":14,"supertools:hammerstone":247,"minecraft:stone_shovel":417,"caves_and_cliffs_mod:tuff":4,"inventorypets:pet_torch":5,"minecraft:cooked_salmon":7,"caves_and_cliffs_mod:pointeddripstone":1,"minecraft:cooked_chicken":1,"minecraft:oak_door":4,"minecraft:torch":25,"minecraft:dirt":853,"minecraft:anvil":1,"cgm:workbench":6,"spartanweaponry:hammer_iron":10,"alexsmobs:cooked_kangaroo_meat":3,"atum:limestone_axe":9,"minecraft:iron_hoe":217,"minecraft:chipped_anvil":1,"minecraft:bookshelf":38,"minecraft:iron_axe":519,"minecraft:barrel":10,"minecraft:soul_soil":1,"piratesandlootersreborn:coconut":8,"minecraft:cooked_beef":10,"minecraft:acacia_planks":59,"minecraft:cooked_mutton":5,"minecraft:acacia_boat":1,"minecraft:wheat_seeds":109,"minecraft:water_bucket":8,"minecraft:cobblestone_stairs":119,"caves_and_cliffs_mod:archeologic_dirt":4,"minecraft:polished_andesite":1,"minecraft:oak_slab":1,"minecraft:red_bed":1,"minecraft:tnt":11,"minecraft:crafting_table":10,"atum:date":8,"minecraft:light_gray_concrete_powder":4,"minecraft:ender_eye":10,"minecraft:apple":1,"minecraft:iron_pickaxe":297,"minecraft:spruce_sapling":5,"spartanshields:shield_basic_iron":32,"minecraft:acacia_fence_gate":1,"minecraft:stone_axe":61,"minecraft:cobblestone":831,"minecraft:white_banner":3,"minecraft:cooked_porkchop":2,"minecraft:andesite_stairs":9,"minecraft:bucket":9},"minecraft:killed_by":{"alexsmobs:elephant":1,"minecraft:silverfish":1,"lava_monster:lava_monster":1,"minecraft:enderman":2,"atum:sergeant":2,"minecraft:ender_dragon":4,"atum:bonestorm":1,"piratesandlootersreborn:capitan":1,"mowziesmobs:ferrous_wroughtnaut":4,"dungeonsmod:kraken":1},"minecraft:killed":{"mowziesmobs:barakoan_barakoana":8,"minecraft:witch":4,"minecraft:spider":2,"mowziesmobs:barako":1,"dungeonsmod:anthermite":28,"minecraft:skeleton":7,"atum:bonestorm":9,"minecraft:silverfish":13,"alexsmobs:kangaroo":5,"artifacts:mimic":3,"minecraft:pig":2,"atum:sergeant":19,"minecraft:sheep":1,"minecraft:trader_llama":1,"minecraft:pillager":13,"slimier-slimes:lava_slime":3,"minecraft:zombie":5,"atum:mummy":46,"minecraft:blaze":7,"atum:forsaken":24,"mowziesmobs:barakoa_sunblocker":1,"minecraft:phantom":3,"minecraft:drowned":1,"atum:wraith":14,"mowziesmobs:barakoaya":9,"atum:assassin":1,"atum:barbarian":3,"atum:brigand":8,"minecraft:wandering_trader":1,"lava_monster:lava_monster":2,"alexsmobs:emu":1,"slimier-slimes:rock_slime":17,"alexsmobs:elephant":2,"mowziesmobs:barakoana":1,"alexsmobs:gazelle":4,"minecraft:enderman":5,"atum:nomad":21},"minecraft:mined":{"betterendforge:ender_ore":2,"minecraft:spruce_planks":4,"minecraft:farmland":10,"minecraft:jungle_slab":1,"minecraft:andesite_stairs":9,"minecraft:cobblestone_stairs":12,"evolved_rpg:everice_ore":2,"atum:limestone_brick_cracked_brick":9,"minecraft:brewing_stand":1,"minecraft:granite":72,"atum:limestone_brick_large":2,"minecraft:grass_block":438,"minecraft:acacia_log":179,"caves_and_cliffs_mod:deepslate":61,"slimier-slimes:magenta_slimy_stone":37,"caves_and_cliffs_mod:deepslate_gold_ore":6,"waystones:waystone":1,"minecraft:oak_wall_sign":2,"minecraft:spawner":9,"minecraft:smooth_stone":1,"caves_and_cliffs_mod:pointeddripstonedownmerge":1,"caves_and_cliffs_mod:cobbled_deepslate":4,"minecraft:iron_ore":37,"minecraft:barrel":4,"minecraft:fire":5,"caves_and_cliffs_mod:deepslate_diamond_ore":20,"minecraft:enchanting_table":3,"caves_and_cliffs_mod:drip_caves_stone":24,"minecraft:iron_bars":1,"caves_and_cliffs_mod:deepslate_lapis_ore":11,"minecraft:light_gray_concrete":4,"slimier-slimes:purple_slimy_stone":4,"minecraft:red_bed":2,"caves_and_cliffs_mod:sculk_sensor":1,"minecraft:torch":9,"minecraft:poppy":1,"atum:small_stairs":3,"minecraft:chest":10,"caves_and_cliffs_mod:pointeddripstonedowntip":1,"minecraft:cobblestone":110,"minecraft:damaged_anvil":1,"minecraft:oak_planks":14,"minecraft:sugar_cane":7,"minecraft:wall_torch":11,"minecraft:cyan_wool":12,"atum:limestone_brick_small":4,"minecraft:acacia_sapling":1,"minecraft:dark_oak_slab":1,"minecraft:wheat":2186,"minecraft:tnt":4,"minecraft:infested_mossy_stone_bricks":1,"minecraft:grass":344,"minecraft:oak_log":56,"minecraft:acacia_fence":3,"minecraft:sand":208,"minecraft:dirt":455,"minecraft:infested_cracked_stone_bricks":1,"minecraft:oak_leaves":369,"minecraft:purple_glazed_terracotta":4,"caves_and_cliffs_mod:azalea_leaves_flowers":19,"caves_and_cliffs_mod:archeologic_dirt":4,"minecraft:oak_door":4,"minecraft:end_stone":5,"caves_and_cliffs_mod:sculk_full_block":1,"gravestone:gravestone":22,"caves_and_cliffs_mod:pointeddripstoneuptip":1,"minecraft:soul_campfire":1,"minecraft:spruce_leaves":141,"minecraft:birch_slab":2,"minecraft:acacia_slab":1,"minecraft:cartography_table":1,"minecraft:sandstone":104,"minecraft:pink_wool":1,"cgm:workbench":4,"minecraft:spruce_sapling":1,"minecraft:furnace":2,"minecraft:andesite":140,"caves_and_cliffs_mod:sculk_end_block":2,"treechop:chopped_log":132,"atum:palm_crate":40,"caves_and_cliffs_mod:azalea_leaves":56,"minecraft:bookshelf":188,"minecraft:cobblestone_slab":1,"minecraft:lantern":2,"minecraft:stone":1447,"minecraft:white_wool":1,"atum:large_stairs":4,"minecraft:oak_slab":1,"minecraft:acacia_leaves":1556,"minecraft:infested_stone_bricks":11,"minecraft:dandelion":2,"minecraft:crafting_table":11,"minecraft:tall_grass":11,"mowziesmobs:painted_acacia":1,"minecraft:diorite":66,"minecraft:gray_wool":2,"caves_and_cliffs_mod:tuff":37,"minecraft:spruce_log":12,"minecraft:white_wall_banner":1,"atum:sand_layer":4,"minecraft:coal_ore":74,"caves_and_cliffs_mod:pointeddripstoneupfrustum":4,"minecraft:gravel":34,"minecraft:cobweb":4,"minecraft:cracked_stone_bricks":12,"minecraft:acacia_planks":10,"minecraft:polished_andesite":1,"minecraft:stone_bricks":19,"atum:cracked_brick_stairs":1,"minecraft:mossy_stone_bricks":16,"minecraft:chipped_anvil":1,"betterendforge:thallasium_ore":4}},"DataVersion":2586}