{"stats":{"minecraft:picked_up":{"minecraft:iron_chestplate":2,"cgm:basic_bullet":1229,"minecraft:lead":2,"minecraft:enchanted_book":2,"minecraft:brewing_stand":1,"minecraft:string":28,"minecraft:soul_soil":1,"caves_and_cliffs_mod:raw_iron":269,"alexsmobs:emu_feather":2,"slimier-slimes:gray_jelly":2,"minecraft:spruce_planks":63,"atum:date":8,"spartanshields:shield_basic_wood":1,"atum:sand":212,"caves_and_cliffs_mod:deepslate_gold_ore":6,"cgm:advanced_bullet":80,"atum:quail_egg":5,"inventorypets:pet_silverfish":3,"minecraft:acacia_log":179,"atum:relic_dirty_ring":2,"atum:desert_wolf_diamond_armor":1,"atum:emmer_seeds":7,"minecraft:tropical_fish":5,"artifacts:villager_hat":1,"minecraft:bookshelf":17,"atum:dusty_bone":61,"slimier-slimes:light_blue_jelly":1,"minecraft:blaze_rod":2,"mowziesmobs:barakoa_mask_misery":4,"caves_and_cliffs_mod:sculk_full_block":1,"minecraft:iron_bars":3,"inventorypets:pet_sheep":1,"minecraft:cooked_beef":5,"minecraft:feather":27,"minecraft:birch_slab":4,"minecraft:water_bucket":1,"minecraft:acacia_leaves":49,"caves_and_cliffs_mod:azalea_leaves":98,"mowziesmobs:barakoa_mask_fury":20,"minecraft:smoker":1,"minecraft:flint":6,"alexsmobs:cooked_kangaroo_meat":9,"atum:nebu_torch":3,"minecraft:lantern":2,"slimier-slimes:brown_jelly":18,"minecraft:chipped_anvil":1,"atum:limestone_sword":2,"caves_and_cliffs_mod:cobbled_deepslate":484,"minecraft:glowstone_dust":1,"atum:relic_silver_necklace":2,"aquaculture:gar":1,"simpleplanes:plane":27,"cgm:rifle":1,"alexsmobs:animal_dictionary":1,"minecraft:barrel":4,"alexsmobs:kangaroo_hide":3,"minecraft:polished_andesite":1,"minecraft:granite":252,"simpleplanes:large_plane":24,"minecraft:bread":167,"atum:desert_chest_iron":2,"minecraft:crafting_table":11,"supertools:hammerstone":2,"usefulbackpacks:backpack_medium":3,"paraglider:heart_container":1,"gravestone:obituary":21,"caves_and_cliffs_mod:raw_gold":9,"atum:limestone_brick_small":2,"atum:small_stairs":1,"minecraft:red_bed":1,"minecraft:acacia_door":5,"cgm:shotgun":2,"minecraft:cracked_stone_bricks":8,"minecraft:cartography_table":1,"usefulbackpacks:backpack_small":1,"minecraft:beef":10,"minecraft:cyan_wool":11,"minecraft:iron_nugget":69,"minecraft:poppy":1,"minecraft:spruce_slab":6,"minecraft:chest":11,"minecraft:sandstone":148,"minecraft:oak_door":4,"atum:desert_legs_iron":3,"atum:ectoplasm":16,"minecraft:redstone":33,"spartanweaponry:hammer_iron":1,"minecraft:tnt":12,"mowziesmobs:painted_acacia":3,"inventorypets:nugget_ender":4,"minecraft:stone_shovel":1,"minecraft:cooked_cod":2,"minecraft:beetroot_seeds":4,"mowziesmobs:barakoa_mask_fear":6,"betterendforge:thallasium_ore":4,"minecraft:gold_ingot":8,"minecraft:mutton":7,"atum:limestone_axe":6,"alexsmobs:kangaroo_meat":4,"minecraft:white_wool":1,"caves_and_cliffs_mod:azalea_leaves_flowers":28,"minecraft:tripwire_hook":1,"alexsmobs:acacia_blossom":22,"minecraft:filled_map":2,"minecraft:oak_log":63,"atum:relic_gold_ring":1,"mowziesmobs:wrought_axe":1,"minecraft:white_banner":8,"caves_and_cliffs_mod:sculk_end_block":2,"mowziesmobs:barako_mask":2,"mowziesmobs:barakoa_mask_rage":13,"minecraft:apple":1,"minecraft:stone_bricks":21,"atum:relic_sapphire_ring":6,"minecraft:kelp":7,"evolved_rpg:brimstone_shard":2,"atum:limestone_brick_cracked_brick":7,"atum:limestone_hoe":7,"atum:coin_gold":47,"slimier-slimes:red_jelly":13,"minecraft:stone_pickaxe":5,"minecraft:iron_ore":44,"atum:cloth_scrap":53,"minecraft:glass_bottle":2,"minecraft:iron_sword":1,"caves_and_cliffs_mod:moss_block":13,"minecraft:dark_oak_stairs":3,"minecraft:dark_oak_slab":1,"atum:deadwood_stick":1,"atum:large_stairs":2,"minecraft:gravel":27,"atum:relic_silver_ring":3,"minecraft:spruce_sapling":50,"minecraft:spruce_log":13,"minecraft:dragon_egg":3,"slimier-slimes:green_jelly":12,"caves_and_cliffs_mod:tuff":47,"minecraft:purple_glazed_terracotta":4,"minecraft:stone_axe":2,"minecraft:gray_wool":2,"caves_and_cliffs_mod:sculk_sensor":1,"minecraft:melon_seeds":8,"atum:palm_log":8,"minecraft:ender_pearl":5,"minecraft:wheat":1966,"mowziesmobs:barakoa_mask_faith":7,"caves_and_cliffs_mod:amethyst_block":7,"atum:camel_iron_armor":2,"alexsmobs:gazelle_horn":3,"aquaculture:muskellunge":1,"piratesandlootersreborn:coconut":14,"minecraft:iron_leggings":3,"minecraft:oak_sign":2,"minecraft:smooth_stone":4,"minecraft:ender_eye":189,"atum:coin_dirty":41,"minecraft:iron_boots":2,"minecraft:furnace":3,"minecraft:stick":84,"atum:iron_scimitar":6,"minecraft:acacia_fence":3,"atum:desert_wolf_iron_armor":2,"minecraft:torch":84,"minecraft:spruce_stairs":1,"minecraft:porkchop":2,"minecraft:diorite":218,"caves_and_cliffs_mod:archeologic_dirt":4,"atum:relic_diamond_brooch":5,"atum:fertile_soil_pile":7,"minecraft:rotten_flesh":79,"slimier-slimes:black_jelly":2,"atum:short_bow":9,"minecraft:obsidian":3,"minecraft:cobblestone":3962,"minecraft:nautilus_shell":1,"minecraft:enchanting_table":3,"minecraft:andesite":242,"atum:alabaster":2,"paraglider:spirit_orb":31,"minecraft:lapis_lazuli":73,"minecraft:dirt":1181,"minecraft:name_tag":2,"minecraft:bone":19,"minecraft:acacia_planks":30,"minecraft:wheat_seeds":6691,"minecraft:mossy_stone_bricks":14,"slimier-slimes:blue_jelly":27,"minecraft:oak_planks":44,"atum:dagger_poison":1,"minecraft:black_terracotta":10,"atum:desert_boots_iron":2,"slimier-slimes:lime_slime_ball":12,"slimier-slimes:magenta_jelly":59,"minecraft:sand":205,"minecraft:melon":7,"minecraft:jungle_slab":3,"minecraft:mossy_cobblestone":22,"atum:relic_sapphire_brooch":2,"cgm:shell":48,"minecraft:light_gray_concrete":5,"minecraft:sugar":20,"minecraft:diamond":24,"minecraft:soul_lantern":1,"atum:limestone_shovel":6,"alexsmobs:rattlesnake_rattle":1,"minecraft:crossbow":1,"minecraft:golden_apple":2,"minecraft:emerald":7,"minecraft:oak_sapling":26,"evolved_rpg:everice_shard":2,"minecraft:oak_leaves":10,"minecraft:cocoa_beans":4,"artifacts:night_vision_goggles":1,"minecraft:splash_potion":1,"minecraft:chicken":4,"minecraft:ladder":6,"atum:limestone_brick_large":1,"minecraft:wooden_pickaxe":4,"minecraft:pink_wool":2,"atum:palm_crate":40,"minecraft:shield":9,"minecraft:iron_axe":1,"minecraft:item_frame":3,"slimier-slimes:yellow_jelly":10,"minecraft:andesite_stairs":25,"minecraft:oak_boat":2,"minecraft:player_head":2,"minecraft:sugar_cane":33,"atum:iron_club":1,"minecraft:phantom_membrane":3,"caves_and_cliffs_mod:drip_caves_stone":58,"minecraft:end_stone":7,"caves_and_cliffs_mod:pointeddripstone":33,"minecraft:bowl":3,"artifacts:vampiric_glove":1,"minecraft:dark_oak_planks":1,"minecraft:arrow":32,"cgm:assault_rifle":3,"betterendforge:ender_shard":2,"artifacts:cross_necklace":1,"caves_and_cliffs_mod:deepslate_iron_ore":5,"atum:ophidian_tongue_flower":2,"atum:brigand_shield":4,"minecraft:leather":19,"minecraft:ice":5,"inventorypets:nugget_obsidian":6,"minecraft:gunpowder":35,"minecraft:cobblestone_stairs":15,"minecraft:cooked_mutton":5,"minecraft:rabbit_hide":1,"minecraft:iron_ingot":107,"slimier-slimes:purple_jelly":43,"minecraft:acacia_sapling":103,"minecraft:book":561,"minecraft:oak_slab":1,"atum:limestone_pickaxe":7,"atum:iron_greatsword":6,"minecraft:dandelion":2,"mowziesmobs:barakoa_mask_bliss":13,"mowziesmobs:wrought_helmet":1,"minecraft:blast_furnace":1,"usefulbackpacks:backpack_large":3,"spartanweaponry:flanged_mace_iron":1,"minecraft:iron_helmet":1,"minecraft:terracotta":1,"minecraft:acacia_slab":1,"minecraft:damaged_anvil":1,"minecraft:coal":215,"cgm:workbench":5},"minecraft:mined":{"betterendforge:ender_ore":2,"evolved_rpg:everice_ore":2,"atum:limestone_brick_cracked_brick":9,"minecraft:obsidian":2,"minecraft:granite":175,"minecraft:acacia_log":179,"caves_and_cliffs_mod:deepslate":448,"caves_and_cliffs_mod:deepslate_gold_ore":6,"waystones:waystone":1,"minecraft:oak_wall_sign":2,"minecraft:spawner":9,"caves_and_cliffs_mod:cobbled_deepslate":4,"minecraft:fire":5,"minecraft:barrel":4,"atum:bone_ore":2,"minecraft:enchanting_table":3,"minecraft:light_gray_concrete":4,"slimier-slimes:purple_slimy_stone":23,"minecraft:red_bed":2,"minecraft:smoker":1,"minecraft:torch":13,"minecraft:blast_furnace":1,"atum:small_stairs":3,"caves_and_cliffs_mod:deepslate_redstone_ore":1,"minecraft:sugar_cane":7,"minecraft:damaged_anvil":1,"minecraft:cyan_wool":12,"atum:limestone_brick_small":4,"slimier-slimes:light_blue_slimy_stone":2,"minecraft:wheat":2186,"minecraft:grass":346,"minecraft:infested_mossy_stone_bricks":1,"slimier-slimes:red_slimy_stone":8,"minecraft:yellow_stained_glass":1,"caves_and_cliffs_mod:glowing_lush_caves_vine_body":1,"minecraft:purple_glazed_terracotta":4,"caves_and_cliffs_mod:archeologic_dirt":4,"minecraft:mossy_cobblestone":1,"minecraft:end_stone":5,"caves_and_cliffs_mod:sculk_full_block":1,"caves_and_cliffs_mod:pointeddripstoneuptip":1,"minecraft:cartography_table":1,"minecraft:pink_wool":1,"minecraft:andesite":216,"atum:palm_crate":40,"minecraft:cobblestone_slab":1,"atum:alabaster":2,"minecraft:white_wool":1,"atum:large_stairs":4,"minecraft:oak_slab":1,"minecraft:dandelion":2,"minecraft:tall_grass":11,"minecraft:diorite":216,"atum:palm_log":8,"minecraft:spruce_log":12,"atum:sand_layer":5,"caves_and_cliffs_mod:pointeddripstoneupfrustum":5,"minecraft:gravel":35,"minecraft:acacia_door":3,"minecraft:cobweb":4,"minecraft:acacia_planks":10,"minecraft:stone_bricks":19,"evolved_rpg:brimstone_ore":2,"minecraft:chipped_anvil":1,"betterendforge:thallasium_ore":4,"minecraft:spruce_planks":4,"minecraft:farmland":10,"minecraft:jungle_slab":1,"minecraft:andesite_stairs":9,"minecraft:cobblestone_stairs":12,"minecraft:orange_stained_glass":1,"minecraft:brewing_stand":1,"atum:limestone_brick_large":2,"minecraft:grass_block":439,"slimier-slimes:magenta_slimy_stone":40,"atum:sand":2,"minecraft:smooth_stone":1,"caves_and_cliffs_mod:pointeddripstonedownmerge":1,"minecraft:iron_ore":58,"caves_and_cliffs_mod:amethyst_block":7,"caves_and_cliffs_mod:deepslate_diamond_ore":20,"caves_and_cliffs_mod:drip_caves_stone":35,"caves_and_cliffs_mod:deepslate_lapis_ore":11,"minecraft:iron_bars":1,"caves_and_cliffs_mod:calcite":1,"minecraft:soul_lantern":1,"caves_and_cliffs_mod:sculk_sensor":1,"minecraft:poppy":1,"minecraft:chest":10,"caves_and_cliffs_mod:pointeddripstonedowntip":1,"minecraft:cobblestone":125,"minecraft:oak_planks":14,"minecraft:wall_torch":13,"minecraft:acacia_sapling":1,"minecraft:dark_oak_slab":1,"slimier-slimes:black_slimy_stone":1,"minecraft:tnt":4,"minecraft:oak_log":56,"minecraft:acacia_fence":3,"minecraft:sand":208,"minecraft:dirt":468,"minecraft:infested_cracked_stone_bricks":1,"slimier-slimes:yellow_slimy_stone":6,"minecraft:oak_leaves":369,"caves_and_cliffs_mod:azalea_leaves_flowers":19,"slimier-slimes:green_slimy_stone":5,"minecraft:oak_door":4,"gravestone:gravestone":22,"atum:coal_ore":14,"slimier-slimes:gray_slimy_stone":1,"minecraft:soul_campfire":1,"minecraft:birch_slab":2,"minecraft:spruce_leaves":142,"minecraft:acacia_slab":1,"minecraft:sandstone":139,"atum:palm_leaves":33,"cgm:workbench":4,"minecraft:spruce_sapling":1,"minecraft:furnace":3,"treechop:chopped_log":137,"caves_and_cliffs_mod:sculk_end_block":2,"caves_and_cliffs_mod:azalea_leaves":56,"minecraft:bookshelf":188,"minecraft:lantern":2,"minecraft:stone":3663,"caves_and_cliffs_mod:moss_block":13,"minecraft:acacia_leaves":1556,"minecraft:infested_stone_bricks":11,"slimier-slimes:blue_slimy_stone":3,"minecraft:crafting_table":12,"mowziesmobs:painted_acacia":1,"minecraft:gray_wool":2,"caves_and_cliffs_mod:tuff":52,"slimier-slimes:brown_slimy_stone":14,"minecraft:white_wall_banner":1,"minecraft:coal_ore":184,"minecraft:cracked_stone_bricks":12,"minecraft:terracotta":1,"minecraft:polished_andesite":1,"minecraft:mossy_stone_bricks":16,"atum:cracked_brick_stairs":1},"minecraft:killed_by":{"lava_monster:lava_monster":1,"atum:sergeant":2,"minecraft:ender_dragon":4,"alexsmobs:elephant":1,"minecraft:silverfish":1,"minecraft:enderman":2,"atum:bonestorm":1,"piratesandlootersreborn:capitan":1,"mowziesmobs:ferrous_wroughtnaut":4,"minecraft:skeleton":1,"dungeonsmod:kraken":1},"minecraft:broken":{"minecraft:iron_boots":2,"minecraft:iron_leggings":1,"supertools:hammerstone":3,"spartanshields:shield_basic_iron":1,"minecraft:iron_axe":1,"minecraft:iron_pickaxe":2,"minecraft:iron_helmet":1,"minecraft:iron_shovel":2,"minecraft:stone_shovel":3},"minecraft:used":{"minecraft:chest":31,"minecraft:acacia_sapling":64,"atum:palm_crate":2,"minecraft:spruce_boat":2,"cgm:shotgun":50,"simpleplanes:plane":27,"caves_and_cliffs_mod:moss_block":2,"minecraft:bow":23,"minecraft:furnace":9,"minecraft:oak_sapling":24,"minecraft:acacia_fence":45,"spartanweaponry:flanged_mace_iron":13,"minecraft:mossy_stone_bricks":3,"atum:nebu_torch":2,"minecraft:diorite":34,"minecraft:wooden_pickaxe":18,"minecraft:sand":1,"cgm:assault_rifle":1216,"simpleplanes:plane_workbench":1,"simpleplanes:large_plane":26,"minecraft:oak_boat":4,"minecraft:enchanting_table":3,"minecraft:stone_sword":29,"minecraft:acacia_log":1,"caves_and_cliffs_mod:pointeddripstone":1,"minecraft:cooked_salmon":7,"minecraft:torch":33,"minecraft:dragon_egg":1,"minecraft:brewing_stand":1,"minecraft:anvil":2,"aquaculture:muskellunge":1,"minecraft:chipped_anvil":1,"minecraft:iron_axe":531,"minecraft:barrel":10,"minecraft:acacia_planks":59,"minecraft:wheat_seeds":109,"minecraft:water_bucket":8,"minecraft:oak_slab":1,"minecraft:tnt":11,"minecraft:crafting_table":12,"minecraft:red_bed":1,"minecraft:ender_eye":10,"minecraft:diamond_pickaxe":2,"minecraft:iron_pickaxe":453,"minecraft:spruce_sapling":5,"minecraft:cobblestone":1036,"minecraft:cooked_porkchop":2,"minecraft:andesite_stairs":9,"minecraft:iron_shovel":535,"minecraft:oak_sign":2,"minecraft:iron_sword":977,"minecraft:player_head":1,"caves_and_cliffs_mod:cobbled_deepslate":92,"atum:alabaster":2,"minecraft:lantern":6,"minecraft:stone_bricks":11,"minecraft:item_frame":2,"atum:dagger_poison":11,"minecraft:stone_pickaxe":146,"minecraft:oak_planks":120,"minecraft:ender_pearl":4,"minecraft:sandstone":82,"minecraft:white_wool":1,"minecraft:shears":49,"minecraft:acacia_door":8,"minecraft:bread":242,"minecraft:gravel":14,"caves_and_cliffs_mod:azalea_leaves":2,"atum:iron_club":623,"caves_and_cliffs_mod:azalea_leaves_flowers":1,"minecraft:andesite":9,"caves_and_cliffs_mod:drip_caves_stone":28,"minecraft:flint_and_steel":14,"supertools:hammerstone":620,"minecraft:tropical_fish":1,"minecraft:stone_shovel":417,"caves_and_cliffs_mod:tuff":14,"inventorypets:pet_torch":7,"atum:iron_greatsword":3,"minecraft:cooked_chicken":1,"minecraft:oak_door":4,"minecraft:dirt":862,"cgm:workbench":6,"spartanweaponry:hammer_iron":12,"alexsmobs:cooked_kangaroo_meat":3,"atum:limestone_axe":9,"minecraft:granite":41,"minecraft:iron_hoe":217,"minecraft:bookshelf":38,"minecraft:soul_soil":1,"piratesandlootersreborn:coconut":8,"minecraft:cooked_beef":10,"minecraft:cooked_mutton":5,"minecraft:acacia_boat":1,"minecraft:cobblestone_stairs":119,"caves_and_cliffs_mod:archeologic_dirt":4,"minecraft:polished_andesite":1,"minecraft:terracotta":1,"atum:date":8,"minecraft:light_gray_concrete_powder":4,"minecraft:smoker":2,"minecraft:apple":1,"spartanshields:shield_basic_iron":36,"minecraft:acacia_fence_gate":1,"minecraft:stone_axe":61,"minecraft:white_banner":3,"minecraft:bucket":9},"minecraft:crafted":{"minecraft:light_gray_concrete_powder":8,"minecraft:smooth_stone":19,"spartanshields:shield_basic_iron":5,"minecraft:bookshelf":53,"supertools:shovelstone":1,"minecraft:glass":29,"simpleplanes:large_plane":1,"minecraft:acacia_fence":42,"atum:scarab":2,"minecraft:emerald":2,"minecraft:cooked_porkchop":2,"minecraft:diamond_axe":1,"usefulbackpacks:backpack_large":2,"minecraft:iron_pickaxe":7,"minecraft:iron_block":6,"minecraft:acacia_door":6,"minecraft:sandstone":36,"spartanweaponry:flanged_mace_iron":1,"minecraft:stone_shovel":13,"minecraft:iron_nugget":297,"simpleplanes:plane_workbench":1,"supertools:hammerstone":9,"minecraft:acacia_fence_gate":1,"minecraft:white_carpet":6,"minecraft:lantern":4,"minecraft:stone_pickaxe":84,"minecraft:spruce_boat":2,"simpleplanes:propeller":4,"minecraft:golden_helmet":1,"minecraft:enchanting_table":1,"simpleplanes:furnace_engine":2,"minecraft:iron_shovel":2,"minecraft:iron_leggings":3,"minecraft:oak_planks":292,"minecraft:cooked_chicken":4,"usefulbackpacks:backpack_small":2,"minecraft:stone":24,"minecraft:cobblestone_stairs":112,"simpleplanes:floaty_bedding":2,"minecraft:bow":1,"minecraft:iron_boots":2,"minecraft:chest":21,"simpleplanes:plane":1,"spartanshields:shield_basic_wood":5,"minecraft:crafting_table":10,"spartanweaponry:hammer_iron":1,"minecraft:spruce_planks":52,"minecraft:wooden_pickaxe":1,"minecraft:iron_helmet":2,"minecraft:gold_block":1,"minecraft:book":1,"minecraft:iron_chestplate":1,"minecraft:paper":6,"minecraft:diamond_pickaxe":1,"minecraft:light_weighted_pressure_plate":6,"minecraft:stick":120,"minecraft:iron_ingot":301,"minecraft:andesite_stairs":16,"minecraft:stone_sword":1,"minecraft:shears":1,"minecraft:furnace":9,"minecraft:blast_furnace":2,"minecraft:oak_trapdoor":2,"minecraft:flint_and_steel":1,"minecraft:leather":8,"minecraft:iron_axe":5,"minecraft:iron_hoe":1,"usefulbackpacks:backpack_medium":2,"cgm:workbench":1,"caves_and_cliffs_mod:amethyst_shard":4,"minecraft:cooked_beef":10,"paraglider:paraglider":1,"minecraft:cooked_cod":10,"alexsmobs:cooked_kangaroo_meat":3,"minecraft:iron_sword":4,"spartanweaponry:handle":4,"minecraft:cooked_salmon":17,"minecraft:stone_axe":2,"minecraft:bread":650,"minecraft:acacia_boat":1,"minecraft:air":0,"minecraft:oak_boat":2,"minecraft:white_wool":12,"inventorypets:nugget_coal":16,"minecraft:gold_nugget":39,"minecraft:anvil":2,"minecraft:acacia_planks":360,"minecraft:torch":68,"minecraft:diamond_chestplate":2},"minecraft:killed":{"mowziesmobs:barako":1,"minecraft:skeleton":8,"atum:bonestorm":14,"slimier-slimes:obsidian_slime":1,"atum:sergeant":66,"minecraft:pillager":13,"slimier-slimes:lava_slime":3,"minecraft:zombie":6,"mowziesmobs:barakoaya":9,"caves_and_cliffs_mod:pink_axolotl":1,"atum:assassin":3,"atum:barbarian":18,"atum:brigand":54,"minecraft:wandering_trader":1,"lava_monster:lava_monster":2,"alexsmobs:elephant":2,"atum:desert_rabbit":1,"minecraft:enderman":5,"atum:nomad":66,"mowziesmobs:barakoan_barakoana":8,"minecraft:witch":4,"minecraft:spider":2,"dungeonsmod:anthermite":86,"minecraft:silverfish":13,"alexsmobs:kangaroo":7,"artifacts:mimic":4,"minecraft:pig":2,"minecraft:creeper":1,"minecraft:sheep":1,"minecraft:trader_llama":1,"alexsmobs:fly":1,"atum:mummy":95,"minecraft:blaze":7,"atum:forsaken":69,"alexsmobs:rattlesnake":2,"mowziesmobs:barakoa_sunblocker":1,"minecraft:phantom":9,"minecraft:drowned":1,"atum:wraith":20,"alexsmobs:emu":1,"slimier-slimes:rock_slime":34,"mowziesmobs:barakoana":1,"alexsmobs:gazelle":4},"minecraft:custom":{"minecraft:interact_with_crafting_table":198,"minecraft:open_barrel":144,"goblintraders:trade_with_goblin":18,"minecraft:leave_game":28,"minecraft:time_since_death":9541,"minecraft:damage_blocked_by_shield":1560,"minecraft:deaths":26,"minecraft:jump":13158,"minecraft:enchant_item":16,"minecraft:interact_with_furnace":203,"minecraft:interact_with_cartography_table":6,"minecraft:sleep_in_bed":3,"minecraft:damage_dealt":93484,"minecraft:interact_with_smoker":1,"minecraft:inspect_dispenser":1,"minecraft:horse_one_cm":813233,"minecraft:inspect_dropper":1,"minecraft:interact_with_anvil":16,"minecraft:sneak_time":27096,"minecraft:time_since_rest":9635,"minecraft:swim_one_cm":294019,"minecraft:fly_one_cm":4836655,"minecraft:open_chest":1292,"minecraft:fall_one_cm":293321,"minecraft:sprint_one_cm":2637825,"minecraft:drop":429,"minecraft:talked_to_villager":4,"minecraft:walk_on_water_one_cm":177414,"minecraft:play_one_minute":1149408,"minecraft:player_kills":2,"minecraft:crouch_one_cm":59618,"minecraft:mob_kills":688,"minecraft:damage_dealt_resisted":1064,"minecraft:climb_one_cm":13878,"minecraft:walk_one_cm":2197010,"minecraft:walk_under_water_one_cm":176307,"minecraft:boat_one_cm":1240452,"minecraft:damage_taken":24277,"minecraft:trigger_trapped_chest":1},"minecraft:dropped":{"minecraft:iron_sword":3,"minecraft:crossbow":1,"minecraft:dirt":9,"inventorypets:pet_creeper":1,"atum:coin_dirty":53,"piratesandlootersreborn:coconut":7,"minecraft:sugar":1,"minecraft:iron_pickaxe":2,"usefulbackpacks:backpack_large":2,"minecraft:stone_axe":1,"atum:relic_sapphire_brooch":2,"atum:iron_scimitar":3,"minecraft:wheat":1,"minecraft:rotten_flesh":2,"minecraft:oak_planks":3,"cgm:assault_rifle":1,"caves_and_cliffs_mod:raw_gold":2,"atum:scarab":2,"minecraft:acacia_sapling":59,"atum:relic_silver_necklace":2,"caves_and_cliffs_mod:azalea_leaves_flowers":5,"caves_and_cliffs_mod:raw_iron":2,"minecraft:enchanted_book":1,"minecraft:iron_ingot":51,"usefulbackpacks:backpack_medium":2,"atum:iron_greatsword":6,"minecraft:wheat_seeds":6071,"inventorypets:pet_sheep":1,"minecraft:iron_helmet":2,"minecraft:cobblestone":591,"caves_and_cliffs_mod:raw_copper":1,"spartanweaponry:hammer_iron":1,"minecraft:granite":7,"atum:relic_diamond_brooch":1,"minecraft:coal":8,"simpleplanes:large_plane":2,"atum:relic_dirty_ring":5,"minecraft:cooked_salmon":9,"mowziesmobs:wrought_helmet":1,"minecraft:smooth_stone":1,"minecraft:spruce_sapling":36,"cgm:advanced_bullet":85,"supertools:hammerstone":7,"alexsmobs:acacia_blossom":2,"spartanshields:shield_basic_iron":3,"minecraft:iron_boots":2,"minecraft:damaged_anvil":1,"atum:relic_sapphire_ring":1,"alexsmobs:cooked_kangaroo_meat":3,"atum:relic_silver_ring":1,"mowziesmobs:barakoa_mask_fury":1,"minecraft:spruce_planks":29,"atum:relic_dirty_necklace":3,"atum:relic_dirty_brooch":2,"minecraft:ender_pearl":17,"atum:ectoplasm":1,"paraglider:spirit_orb":1,"minecraft:ice":5,"aquaculture:gar":1,"minecraft:cooked_cod":10,"atum:brigand_shield":2,"usefulbackpacks:backpack_small":1,"gravestone:obituary":43,"cgm:shotgun":1,"artifacts:villager_hat":1,"mowziesmobs:painted_acacia":1,"minecraft:gunpowder":8,"atum:short_bow":3,"minecraft:iron_ore":4,"caves_and_cliffs_mod:tuff":4,"minecraft:bread":83,"atum:limestone_brick_cracked_brick":2,"spartanshields:shield_basic_wood":1,"supertools:shovelstone":1,"mowziesmobs:wrought_axe":1,"atum:desert_boots_iron":1,"minecraft:diorite":22,"atum:relic_gold_ring":2,"minecraft:iron_leggings":4,"minecraft:iron_axe":2,"minecraft:dandelion":2,"cgm:rifle":2,"minecraft:kelp":1,"minecraft:blaze_rod":64,"spartanweaponry:flanged_mace_iron":1,"minecraft:ender_eye":243,"minecraft:filled_map":1,"atum:ophidian_tongue_flower":1,"minecraft:shield":7,"minecraft:diamond_chestplate":1,"minecraft:dragon_egg":1,"minecraft:iron_chestplate":3,"minecraft:andesite":66,"artifacts:cross_necklace":1,"minecraft:stone_pickaxe":3,"minecraft:nautilus_shell":1,"slimier-slimes:purple_jelly":5}},"DataVersion":2586}