{"stats":{"minecraft:dropped":{"minecraft:bread":1,"alexsmobs:acacia_blossom":1,"spartanweaponry:warhammer_iron":1,"alexsmobs:animal_dictionary":1,"minecraft:cobblestone":1,"minecraft:ender_eye":1,"minecraft:cobweb":6,"minecraft:dirt":4,"mowziesmobs:barakoa_mask_rage":1,"minecraft:melon_slice":1,"minecraft:iron_leggings":1,"gravestone:obituary":9,"minecraft:arrow":1},"minecraft:custom":{"minecraft:interact_with_furnace":3,"minecraft:mob_kills":4,"minecraft:interact_with_crafting_table":12,"minecraft:open_barrel":8,"minecraft:play_one_minute":173508,"minecraft:leave_game":2,"minecraft:time_since_death":12012,"minecraft:sleep_in_bed":3,"minecraft:time_since_rest":12083,"minecraft:damage_taken":2221,"minecraft:sprint_one_cm":437344,"minecraft:walk_one_cm":375999,"minecraft:damage_blocked_by_shield":25,"minecraft:drop":21,"minecraft:damage_dealt":784,"minecraft:swim_one_cm":309840,"minecraft:fly_one_cm":431350,"minecraft:open_chest":40,"minecraft:crouch_one_cm":26091,"minecraft:deaths":2,"minecraft:sneak_time":9920,"minecraft:walk_under_water_one_cm":71280,"minecraft:boat_one_cm":283856,"minecraft:jump":2071,"minecraft:walk_on_water_one_cm":45736,"minecraft:fall_one_cm":37916},"minecraft:killed":{"minecraft:parrot":1,"minecraft:pig":1,"minecraft:spider":1,"slimier-slimes:lava_slime":1},"minecraft:killed_by":{"minecraft:player":1},"minecraft:crafted":{"minecraft:oak_planks":48,"minecraft:crafting_table":3,"minecraft:furnace":1,"minecraft:golden_shovel":1,"spartanweaponry:boomerang_stone":1,"minecraft:stick":8,"minecraft:iron_ingot":7,"minecraft:acacia_planks":104,"minecraft:torch":8,"spartanweaponry:boomerang_wood":1,"caves_and_cliffs_mod:copper_ingot":1},"minecraft:used":{"minecraft:iron_bars":1,"minecraft:spruce_door":1,"minecraft:melon":7,"minecraft:carved_pumpkin":4,"minecraft:oak_planks":24,"minecraft:chest":1,"spartanweaponry:boomerang_wood":16,"minecraft:iron_sword":8,"minecraft:player_head":8,"aquaculture:piranha":1,"minecraft:white_wool":1,"minecraft:torch":12,"minecraft:dirt":24,"minecraft:mutton":1,"minecraft:crafting_table":2,"minecraft:red_bed":1,"caves_and_cliffs_mod:cobbled_deepslate":27,"spartanweaponry:boomerang_stone":4,"spartanweaponry:warhammer_iron":23,"minecraft:acacia_sapling":15,"minecraft:golden_shovel":1,"minecraft:ender_eye":13,"minecraft:iron_axe":79,"minecraft:bread":31,"minecraft:melon_slice":52,"minecraft:iron_pickaxe":179,"minecraft:spruce_sapling":16,"spartanshields:shield_basic_iron":1,"minecraft:cobblestone":4,"minecraft:porkchop":2,"minecraft:furnace":1,"alexsmobs:animal_dictionary":2,"minecraft:acacia_planks":87,"aquaculture:pink_salmon":1,"minecraft:experience_bottle":8},"minecraft:mined":{"caves_and_cliffs_mod:moss_block":2,"minecraft:acacia_leaves":256,"minecraft:spruce_planks":1,"minecraft:red_bed":1,"minecraft:kelp_plant":58,"minecraft:player_wall_head":1,"minecraft:carved_pumpkin":8,"minecraft:torch":4,"gravestone:gravestone":1,"minecraft:acacia_log":27,"minecraft:grass_block":4,"caves_and_cliffs_mod:deepslate":51,"minecraft:melon":14,"minecraft:chest":1,"minecraft:campfire":1,"minecraft:tall_grass":2,"caves_and_cliffs_mod:deepslate_redstone_ore":5,"minecraft:spruce_leaves":12,"minecraft:kelp":5,"minecraft:iron_door":4,"minecraft:sandstone":3,"minecraft:wall_torch":4,"minecraft:tall_seagrass":4,"minecraft:acacia_sapling":2,"caves_and_cliffs_mod:amethyst_cluster_south":1,"caves_and_cliffs_mod:tuff":10,"biomesoplenty:toadstool":2,"minecraft:fire":7,"caves_and_cliffs_mod:amethyst_block":6,"minecraft:andesite":2,"treechop:chopped_log":17,"minecraft:grass":6,"minecraft:oak_log":6,"minecraft:coal_ore":34,"minecraft:iron_bars":1,"caves_and_cliffs_mod:smooth_basalt":2,"minecraft:sand":3,"minecraft:dirt":20,"minecraft:cobweb":3,"minecraft:stone":48,"caves_and_cliffs_mod:calcite":2,"minecraft:player_head":7},"minecraft:picked_up":{"minecraft:charcoal":2,"minecraft:iron_chestplate":1,"minecraft:feather":1,"minecraft:iron_door":4,"minecraft:andesite":4,"alexsmobs:acacia_blossom":1,"minecraft:flint":2,"minecraft:oak_log":12,"gravestone:obituary":9,"caves_and_cliffs_mod:raw_gold":16,"minecraft:string":1,"minecraft:red_bed":2,"minecraft:dirt":67,"minecraft:iron_axe":1,"minecraft:iron_leggings":2,"caves_and_cliffs_mod:raw_iron":8,"mowziesmobs:barakoa_mask_rage":1,"minecraft:stone_bricks":2,"minecraft:spruce_planks":29,"minecraft:cobweb":6,"caves_and_cliffs_mod:cobbled_deepslate":27,"minecraft:player_head":8,"minecraft:cyan_wool":3,"minecraft:ender_eye":14,"minecraft:iron_pickaxe":1,"minecraft:melon_slice":81,"minecraft:chest":1,"minecraft:iron_sword":1,"minecraft:acacia_sapling":25,"minecraft:iron_boots":2,"minecraft:book":3,"biomesoplenty:toadstool":2,"minecraft:stick":7,"minecraft:sandstone":3,"atum:desert_boots_iron":1,"spartanshields:shield_basic_iron":1,"spartanweaponry:warhammer_iron":2,"minecraft:torch":8,"minecraft:acacia_log":26,"minecraft:porkchop":2,"minecraft:sand":3,"minecraft:spruce_sapling":16,"caves_and_cliffs_mod:raw_copper":12,"minecraft:redstone":20,"caves_and_cliffs_mod:amethyst_shard":4,"minecraft:spruce_door":1,"minecraft:barrel":4,"minecraft:dark_oak_planks":3,"minecraft:arrow":2,"caves_and_cliffs_mod:tuff":7,"minecraft:iron_helmet":3,"minecraft:carved_pumpkin":7,"artifacts:pocket_piston":1,"minecraft:bread":62,"minecraft:oak_sapling":1,"minecraft:iron_bars":1,"minecraft:mutton":1,"minecraft:coal":34,"minecraft:white_wool":1,"minecraft:cobblestone":52}},"DataVersion":2586}