{"stats":{"minecraft:killed_by":{"minecraft:player":1},"minecraft:mined":{"minecraft:acacia_leaves":256,"minecraft:spruce_planks":1,"minecraft:red_bed":1,"minecraft:kelp_plant":58,"minecraft:player_wall_head":1,"minecraft:carved_pumpkin":8,"minecraft:torch":3,"gravestone:gravestone":1,"minecraft:acacia_log":27,"minecraft:grass_block":4,"caves_and_cliffs_mod:deepslate":8,"minecraft:melon":14,"minecraft:chest":1,"minecraft:campfire":1,"minecraft:tall_grass":1,"caves_and_cliffs_mod:deepslate_redstone_ore":5,"minecraft:spruce_leaves":12,"minecraft:kelp":5,"minecraft:sandstone":3,"minecraft:wall_torch":1,"minecraft:tall_seagrass":4,"minecraft:acacia_sapling":2,"caves_and_cliffs_mod:amethyst_cluster_south":1,"caves_and_cliffs_mod:tuff":2,"minecraft:fire":7,"caves_and_cliffs_mod:amethyst_block":6,"minecraft:andesite":2,"treechop:chopped_log":17,"minecraft:grass":5,"minecraft:oak_log":1,"minecraft:coal_ore":34,"caves_and_cliffs_mod:smooth_basalt":2,"minecraft:sand":3,"minecraft:dirt":20,"minecraft:stone":47,"caves_and_cliffs_mod:calcite":2,"minecraft:player_head":7},"minecraft:used":{"minecraft:melon":7,"minecraft:carved_pumpkin":4,"minecraft:oak_planks":24,"minecraft:chest":1,"spartanweaponry:boomerang_wood":16,"minecraft:iron_sword":3,"minecraft:player_head":8,"aquaculture:piranha":1,"minecraft:torch":3,"minecraft:dirt":21,"minecraft:crafting_table":2,"minecraft:red_bed":1,"caves_and_cliffs_mod:cobbled_deepslate":4,"spartanweaponry:warhammer_iron":14,"minecraft:acacia_sapling":15,"minecraft:bread":15,"minecraft:iron_axe":74,"minecraft:melon_slice":52,"minecraft:iron_pickaxe":118,"minecraft:spruce_sapling":16,"minecraft:furnace":1,"minecraft:porkchop":2,"alexsmobs:animal_dictionary":2,"minecraft:acacia_planks":87,"aquaculture:pink_salmon":1},"minecraft:dropped":{"minecraft:bread":1,"alexsmobs:acacia_blossom":1,"alexsmobs:animal_dictionary":1,"minecraft:cobblestone":1,"minecraft:cobweb":6,"minecraft:dirt":4,"mowziesmobs:barakoa_mask_rage":1,"minecraft:melon_slice":1,"minecraft:iron_leggings":1,"gravestone:obituary":9,"minecraft:arrow":1},"minecraft:killed":{"minecraft:parrot":1,"minecraft:pig":1,"minecraft:spider":1},"minecraft:picked_up":{"minecraft:charcoal":2,"minecraft:iron_chestplate":1,"minecraft:feather":1,"minecraft:andesite":2,"alexsmobs:acacia_blossom":1,"minecraft:flint":2,"minecraft:oak_log":7,"gravestone:obituary":9,"caves_and_cliffs_mod:raw_gold":13,"minecraft:red_bed":2,"minecraft:dirt":48,"minecraft:iron_axe":1,"minecraft:iron_leggings":2,"caves_and_cliffs_mod:raw_iron":7,"mowziesmobs:barakoa_mask_rage":1,"minecraft:spruce_planks":29,"minecraft:cobweb":6,"caves_and_cliffs_mod:cobbled_deepslate":4,"minecraft:player_head":8,"minecraft:iron_pickaxe":1,"minecraft:melon_slice":81,"minecraft:chest":1,"minecraft:iron_sword":1,"minecraft:acacia_sapling":25,"minecraft:iron_boots":2,"minecraft:book":3,"minecraft:stick":7,"minecraft:sandstone":3,"atum:desert_boots_iron":1,"spartanshields:shield_basic_iron":1,"spartanweaponry:warhammer_iron":1,"minecraft:torch":4,"minecraft:acacia_log":26,"minecraft:porkchop":2,"minecraft:sand":3,"minecraft:spruce_sapling":16,"caves_and_cliffs_mod:raw_copper":12,"minecraft:redstone":20,"caves_and_cliffs_mod:amethyst_shard":4,"minecraft:barrel":4,"minecraft:dark_oak_planks":3,"minecraft:arrow":2,"caves_and_cliffs_mod:tuff":2,"minecraft:iron_helmet":3,"minecraft:carved_pumpkin":7,"minecraft:bread":62,"minecraft:coal":34,"minecraft:cobblestone":48},"minecraft:crafted":{"minecraft:oak_planks":28,"minecraft:crafting_table":2,"minecraft:furnace":1,"spartanweaponry:boomerang_stone":1,"minecraft:iron_ingot":7,"minecraft:acacia_planks":104,"spartanweaponry:boomerang_wood":1,"caves_and_cliffs_mod:copper_ingot":1},"minecraft:custom":{"minecraft:interact_with_furnace":3,"minecraft:mob_kills":3,"minecraft:interact_with_crafting_table":8,"minecraft:open_barrel":8,"minecraft:play_one_minute":109277,"minecraft:leave_game":2,"minecraft:time_since_death":57410,"minecraft:sleep_in_bed":3,"minecraft:time_since_rest":42217,"minecraft:damage_taken":1435,"minecraft:sprint_one_cm":324731,"minecraft:walk_one_cm":295277,"minecraft:drop":19,"minecraft:damage_dealt":447,"minecraft:swim_one_cm":57821,"minecraft:fly_one_cm":293050,"minecraft:open_chest":21,"minecraft:crouch_one_cm":15920,"minecraft:deaths":1,"minecraft:sneak_time":5168,"minecraft:walk_under_water_one_cm":14582,"minecraft:boat_one_cm":71846,"minecraft:jump":1567,"minecraft:walk_on_water_one_cm":18029,"minecraft:fall_one_cm":28470}},"DataVersion":2586}