{"stats":{"minecraft:custom":{"minecraft:open_chest":1,"minecraft:time_since_rest":13416,"minecraft:play_one_minute":13416,"minecraft:crouch_one_cm":2582,"minecraft:sprint_one_cm":35016,"minecraft:damage_taken":190,"minecraft:walk_one_cm":44340,"minecraft:sneak_time":690,"minecraft:drop":4,"minecraft:jump":108,"minecraft:damage_dealt":6,"minecraft:leave_game":1,"minecraft:time_since_death":13416,"minecraft:interact_with_crafting_table":2,"minecraft:fall_one_cm":4512,"minecraft:fly_one_cm":16118},"minecraft:mined":{"minecraft:dirt":15,"minecraft:tall_grass":1,"minecraft:spruce_leaves":1,"minecraft:torch":1,"minecraft:grass":2},"minecraft:picked_up":{"minecraft:iron_chestplate":1,"minecraft:iron_leggings":2,"spartanshields:shield_basic_iron":1,"atum:desert_boots_iron":1,"mowziesmobs:barakoa_mask_rage":1,"spartanweaponry:warhammer_iron":1,"minecraft:torch":1,"minecraft:iron_helmet":1,"caves_and_cliffs_mod:raw_copper":2,"minecraft:bread":9,"minecraft:iron_pickaxe":1,"minecraft:iron_sword":1,"minecraft:iron_axe":1,"minecraft:dirt":15,"minecraft:iron_boots":1},"minecraft:used":{"minecraft:dirt":12,"minecraft:bread":4,"spartanweaponry:warhammer_iron":2,"alexsmobs:animal_dictionary":2},"minecraft:dropped":{"minecraft:iron_leggings":1,"minecraft:bread":1,"mowziesmobs:barakoa_mask_rage":1,"alexsmobs:animal_dictionary":1}},"DataVersion":2586}