{"stats":{"minecraft:crafted":{"minecraft:oak_planks":48,"minecraft:furnace":2,"minecraft:stone_pickaxe":1,"caves_and_cliffs_mod:copper_ingot":1,"minecraft:crafting_table":4,"minecraft:spruce_planks":4,"minecraft:dried_kelp":24,"minecraft:wooden_pickaxe":1,"minecraft:golden_shovel":1,"spartanweaponry:boomerang_stone":1,"minecraft:stick":16,"minecraft:iron_ingot":11,"minecraft:iron_pickaxe":1,"minecraft:acacia_planks":104,"minecraft:torch":8,"spartanweaponry:boomerang_wood":1},"minecraft:dropped":{"minecraft:bread":1,"minecraft:cobblestone":2,"minecraft:tropical_fish":1,"minecraft:cobweb":6,"minecraft:dirt":4,"mowziesmobs:barakoa_mask_rage":1,"minecraft:melon_slice":1,"minecraft:iron_leggings":1,"gravestone:obituary":9,"alexsmobs:acacia_blossom":1,"spartanweaponry:warhammer_iron":1,"alexsmobs:animal_dictionary":1,"minecraft:ender_eye":1,"minecraft:diamond_pickaxe":1,"caves_and_cliffs_mod:roots":1,"minecraft:arrow":1},"minecraft:custom":{"minecraft:interact_with_anvil":1,"minecraft:mob_kills":5,"minecraft:interact_with_crafting_table":19,"minecraft:open_barrel":8,"minecraft:leave_game":3,"minecraft:time_since_death":83709,"minecraft:climb_one_cm":633,"minecraft:sprint_one_cm":627110,"minecraft:walk_one_cm":610084,"minecraft:damage_blocked_by_shield":25,"minecraft:drop":25,"minecraft:deaths":4,"minecraft:sneak_time":16844,"minecraft:walk_under_water_one_cm":160960,"minecraft:boat_one_cm":297498,"minecraft:jump":2930,"minecraft:walk_on_water_one_cm":89890,"minecraft:interact_with_furnace":21,"minecraft:play_one_minute":266135,"minecraft:sleep_in_bed":3,"minecraft:time_since_rest":83730,"minecraft:damage_taken":3165,"minecraft:damage_dealt":969,"minecraft:swim_one_cm":428141,"minecraft:fly_one_cm":1086006,"minecraft:open_chest":63,"minecraft:crouch_one_cm":34822,"minecraft:fall_one_cm":52584},"minecraft:killed_by":{"minecraft:player":1},"minecraft:killed":{"minecraft:spider":1,"minecraft:tropical_fish":1,"minecraft:parrot":1,"minecraft:pig":1,"slimier-slimes:lava_slime":1},"minecraft:used":{"minecraft:iron_bars":1,"minecraft:melon":7,"minecraft:carved_pumpkin":4,"minecraft:dried_kelp":23,"minecraft:oak_sign":5,"minecraft:chest":2,"spartanweaponry:boomerang_wood":16,"minecraft:iron_sword":8,"minecraft:player_head":8,"minecraft:torch":18,"minecraft:dirt":24,"minecraft:mutton":1,"caves_and_cliffs_mod:cobbled_deepslate":36,"spartanweaponry:warhammer_iron":23,"minecraft:acacia_sapling":15,"minecraft:golden_shovel":1,"minecraft:granite":3,"minecraft:iron_axe":79,"minecraft:furnace":3,"minecraft:acacia_planks":87,"minecraft:wheat_seeds":64,"minecraft:spruce_door":1,"minecraft:stone_pickaxe":14,"minecraft:oak_planks":26,"minecraft:wooden_pickaxe":16,"aquaculture:piranha":1,"minecraft:white_wool":1,"minecraft:crafting_table":3,"minecraft:red_bed":3,"spartanweaponry:boomerang_stone":4,"caves_and_cliffs_mod:roots":1,"minecraft:ender_eye":13,"minecraft:diamond_pickaxe":4,"minecraft:acacia_door":5,"minecraft:melon_slice":59,"minecraft:bread":39,"minecraft:iron_pickaxe":232,"minecraft:spruce_sapling":16,"spartanshields:shield_basic_iron":1,"minecraft:cobblestone":13,"minecraft:porkchop":2,"alexsmobs:animal_dictionary":2,"aquaculture:pink_salmon":1,"minecraft:experience_bottle":8},"minecraft:picked_up":{"minecraft:charcoal":2,"minecraft:iron_chestplate":1,"minecraft:wheat":25,"caves_and_cliffs_mod:roots":2,"gravestone:obituary":9,"caves_and_cliffs_mod:raw_gold":19,"minecraft:string":1,"minecraft:red_bed":4,"minecraft:acacia_door":12,"minecraft:iron_axe":1,"minecraft:iron_leggings":2,"caves_and_cliffs_mod:raw_iron":14,"minecraft:oak_sign":5,"minecraft:spruce_planks":29,"minecraft:ender_eye":14,"minecraft:cyan_wool":3,"minecraft:player_head":8,"minecraft:iron_pickaxe":1,"minecraft:melon_slice":81,"minecraft:chest":2,"minecraft:iron_boots":2,"minecraft:furnace":1,"minecraft:stick":7,"minecraft:sandstone":6,"spartanshields:shield_basic_iron":1,"minecraft:torch":14,"minecraft:acacia_log":26,"minecraft:porkchop":2,"caves_and_cliffs_mod:archeologic_dirt":1,"minecraft:diorite":6,"minecraft:redstone":20,"caves_and_cliffs_mod:amethyst_shard":4,"minecraft:dark_oak_planks":3,"minecraft:arrow":2,"minecraft:tropical_fish":2,"minecraft:carved_pumpkin":7,"artifacts:pocket_piston":1,"minecraft:mutton":1,"minecraft:iron_bars":1,"minecraft:white_wool":1,"minecraft:rail":6,"minecraft:cobblestone":120,"minecraft:feather":1,"minecraft:iron_door":4,"minecraft:andesite":4,"alexsmobs:acacia_blossom":1,"minecraft:flint":2,"minecraft:oak_log":12,"minecraft:lapis_lazuli":3,"minecraft:dirt":69,"mowziesmobs:barakoa_mask_rage":1,"minecraft:stone_bricks":2,"minecraft:kelp":244,"minecraft:wheat_seeds":68,"caves_and_cliffs_mod:cobbled_deepslate":50,"minecraft:cobweb":6,"minecraft:acacia_sapling":25,"minecraft:oak_planks":13,"minecraft:iron_sword":1,"minecraft:book":3,"biomesoplenty:toadstool":2,"atum:desert_boots_iron":1,"spartanweaponry:warhammer_iron":2,"minecraft:sand":4,"minecraft:spruce_sapling":16,"caves_and_cliffs_mod:raw_copper":13,"minecraft:spruce_log":1,"minecraft:barrel":4,"minecraft:spruce_door":1,"caves_and_cliffs_mod:tuff":7,"minecraft:iron_helmet":3,"minecraft:granite":3,"minecraft:bread":70,"minecraft:oak_sapling":1,"minecraft:coal":36,"minecraft:diamond_pickaxe":1},"minecraft:mined":{"caves_and_cliffs_mod:archeologic_dirt":1,"minecraft:spruce_planks":1,"caves_and_cliffs_mod:glowing_lush_caves_vine_end":1,"minecraft:carved_pumpkin":8,"minecraft:granite":3,"gravestone:gravestone":1,"minecraft:acacia_log":27,"minecraft:grass_block":5,"caves_and_cliffs_mod:deepslate":52,"caves_and_cliffs_mod:roots":1,"minecraft:spruce_leaves":12,"minecraft:kelp":6,"minecraft:oak_wall_sign":4,"minecraft:sandstone":3,"minecraft:tall_seagrass":19,"minecraft:furnace":1,"biomesoplenty:toadstool":2,"minecraft:fire":7,"caves_and_cliffs_mod:amethyst_block":6,"minecraft:andesite":2,"treechop:chopped_log":17,"minecraft:rail":6,"caves_and_cliffs_mod:deepslate_lapis_ore":1,"minecraft:iron_bars":1,"minecraft:stone":103,"caves_and_cliffs_mod:calcite":2,"minecraft:player_head":7,"caves_and_cliffs_mod:moss_block":2,"minecraft:acacia_leaves":256,"minecraft:red_bed":2,"minecraft:kelp_plant":87,"minecraft:player_wall_head":1,"minecraft:torch":6,"minecraft:melon":14,"minecraft:chest":2,"minecraft:campfire":1,"minecraft:cobblestone":10,"minecraft:tall_grass":2,"caves_and_cliffs_mod:deepslate_redstone_ore":5,"minecraft:oak_planks":10,"minecraft:diorite":6,"minecraft:iron_door":4,"minecraft:wall_torch":6,"minecraft:seagrass":8,"minecraft:acacia_sapling":2,"caves_and_cliffs_mod:tuff":10,"caves_and_cliffs_mod:amethyst_cluster_south":1,"minecraft:wheat":23,"minecraft:spruce_log":1,"minecraft:grass":6,"minecraft:oak_log":6,"minecraft:coal_ore":36,"caves_and_cliffs_mod:smooth_basalt":2,"minecraft:acacia_door":3,"minecraft:sand":4,"minecraft:dirt":21,"minecraft:cobweb":3}},"DataVersion":2586}